{
    "mfaSession": "TmpWbE5tSmlPR1V0TkRNeU5pMDBaRGN4TFdKbU1Ua3ROak16T0daaVlXUmtOVEV6T2xNdlJ6SllZMnhzV2tjclJVUnVaWHBKYTNoWmJEbGxjbVZzY2xJMlVYTXZSSGRuYWtSS1kyZEtOWE05",
    "providerId": "59d6e309-a8cd-49c7-9398-462cae6bdae5",
    "credentialSetId": "ea82337c-b148-42c8-bda9-d968e99b8d44",
    "authFieldnMapping": [{
        "authenticationFieldType": "MFAText",
        "authenticationText": "What was your first car?",
        "hideChars": false,
        "id": "bmlt24IHL+83gSJTEf28u45xnVUXrTDk255sOaOOdr0="
    }]
}
