{
  "providers": [ {
    "imageId": "2",
    "name": "Alger Funds",
    "url": "https://www.alger.com",
    "logoUrl": "",
    "thumbnailUrl": "2.png",
    "phone": "800.992.3863",
    "getLogo": "no",
    "getHomeUrl": "Yes",
    "getPhone": "Yes",
    "getThumbnail": "Yes",
    "overrideLogo": ""
  }, {
    "imageId": "3",
    "name": "AllianceBernstein",
    "url": "https://www.alliancebernstein.com",
    "logoUrl": "",
    "thumbnailUrl": "3.png",
    "phone": "(800) 962-2134",
    "getLogo": "no",
    "getHomeUrl": "Yes",
    "getPhone": "Yes",
    "getThumbnail": "Yes",
    "overrideLogo": ""
  }, {
    "imageId": "4",
    "name": "American Beacon Funds",
    "url": "http://www.americanbeaconfunds.com",
    "logoUrl": "4.png",
    "thumbnailUrl": "4.png",
    "phone": "(800) 967-9009",
    "getLogo": "Yes",
    "getHomeUrl": "Yes",
    "getPhone": "Yes",
    "getThumbnail": "Yes",
    "overrideLogo": ""
  }, {
    "imageId": "5",
    "name": "American Century Brokerage",
    "url": "https://www.americancentury.com/content/americancentury/direct/en/my-account/brokerage.html",
    "logoUrl": "5.png",
    "thumbnailUrl": "5.png",
    "phone": "800-345-2021",
    "getLogo": "Yes",
    "getHomeUrl": "Yes",
    "getPhone": "Yes",
    "getThumbnail": "Yes",
    "overrideLogo": ""
  }, {
    "imageId": "6",
    "name": "American Century Investments",
    "url": "https://corporate.americancentury.com/en.html",
    "logoUrl": "6.png",
    "thumbnailUrl": "6.png",
    "phone": "800-345-2021",
    "getLogo": "Yes",
    "getHomeUrl": "Yes",
    "getPhone": "Yes",
    "getThumbnail": "Yes",
    "overrideLogo": ""
  }, {
    "imageId": "7",
    "name": "American Funds",
    "url": "https://www.americanfunds.com/individual/",
    "logoUrl": "7.png",
    "thumbnailUrl": "7.png",
    "phone": "(800) 421-4225",
    "getLogo": "Yes",
    "getHomeUrl": "Yes",
    "getPhone": "Yes",
    "getThumbnail": "Yes",
    "overrideLogo": ""
  }, {
    "imageId": "8",
    "name": "Ameriprise Financial",
    "url": "https://www.ameriprise.com/",
    "logoUrl": "Ameriprise_crop.png",
    "thumbnailUrl": "8.png",
    "phone": "8883561006",
    "getLogo": "Yes",
    "getHomeUrl": "Yes",
    "getPhone": "Yes",
    "getThumbnail": "Yes",
    "overrideLogo": true
  }, {
    "imageId": "9",
    "name": "Apex Clearing Corp",
    "url": "https://www.apexclearing.com/",
    "logoUrl": "",
    "thumbnailUrl": "9.png",
    "phone": "888-268-6220",
    "getLogo": "no",
    "getHomeUrl": "Yes",
    "getPhone": "Yes",
    "getThumbnail": "Yes",
    "overrideLogo": ""
  }, {
    "imageId": "10",
    "name": "Ariel Mutual Funds",
    "url": "https://www.arielinvestments.com/",
    "logoUrl": "",
    "thumbnailUrl": "10.png",
    "phone": "800-292-7435",
    "getLogo": "no",
    "getHomeUrl": "Yes",
    "getPhone": "Yes",
    "getThumbnail": "Yes",
    "overrideLogo": ""
  }, {
    "imageId": "11",
    "name": "Armada Funds",
    "url": "http://www.armadafunds.com.au/",
    "logoUrl": "",
    "thumbnailUrl": "11.png",
    "phone": "+612 8070 8300",
    "getLogo": "no",
    "getHomeUrl": "Yes",
    "getPhone": "Yes",
    "getThumbnail": "Yes",
    "overrideLogo": ""
  }, {
    "imageId": "12",
    "name": "Artisan Funds",
    "url": "https://www.artisanfunds.com/",
    "logoUrl": "12.png",
    "thumbnailUrl": "12.png",
    "phone": "800.344.1770",
    "getLogo": "Yes",
    "getHomeUrl": "Yes",
    "getPhone": "Yes",
    "getThumbnail": "Yes",
    "overrideLogo": ""
  }, {
    "imageId": "13",
    "name": "AssetMark Trust Company (Formerly Genworth Financial Trust)",
    "url": "http://www.assetmark.com/",
    "logoUrl": "",
    "thumbnailUrl": "13.png",
    "phone": "1.800.664.5345",
    "getLogo": "no",
    "getHomeUrl": "Yes",
    "getPhone": "Yes",
    "getThumbnail": "Yes",
    "overrideLogo": ""
  }, {
    "imageId": "15",
    "name": "AXA Advisors, LLC",
    "url": "https://us.axa.com/home.html",
    "logoUrl": "",
    "thumbnailUrl": "15.png",
    "phone": "(888) 292-4636",
    "getLogo": "no",
    "getHomeUrl": "Yes",
    "getPhone": "Yes",
    "getThumbnail": "Yes",
    "overrideLogo": ""
  }, {
    "imageId": "16",
    "name": "Bank of America",
    "url": "https://www.bankofamerica.com/",
    "logoUrl": "16.png",
    "thumbnailUrl": "16.png",
    "phone": "315-724-4022",
    "getLogo": "Yes",
    "getHomeUrl": "Yes",
    "getPhone": "Yes",
    "getThumbnail": "Yes",
    "overrideLogo": ""
  }, {
    "imageId": "17",
    "name": "Bank of America Mortgage",
    "url": "https://www.bankofamerica.com/sitemap/hub/signin.go",
    "logoUrl": "17.png",
    "thumbnailUrl": "17.png",
    "phone": "1.800.432.1000",
    "getLogo": "Yes",
    "getHomeUrl": "Yes",
    "getPhone": "Yes",
    "getThumbnail": "Yes",
    "overrideLogo": ""
  }, {
    "imageId": "18",
    "name": "Baron Funds",
    "url": "http://www.baronfunds.com/",
    "logoUrl": "",
    "thumbnailUrl": "18.png",
    "phone": "1-800-992-2766",
    "getLogo": "no",
    "getHomeUrl": "Yes",
    "getPhone": "Yes",
    "getThumbnail": "Yes",
    "overrideLogo": ""
  }, {
    "imageId": "19",
    "name": "BB&T",
    "url": "http://www.bbt.com/",
    "logoUrl": "19.png",
    "thumbnailUrl": "19.png",
    "phone": "800-226-5228",
    "getLogo": "Yes",
    "getHomeUrl": "Yes",
    "getPhone": "Yes",
    "getThumbnail": "Yes",
    "overrideLogo": ""
  }, {
    "imageId": "20",
    "name": "BB&T Corp. Mortgage",
    "url": "http://www.bbt.com/",
    "logoUrl": "20.png",
    "thumbnailUrl": "20.png",
    "phone": "800-226-5228",
    "getLogo": "Yes",
    "getHomeUrl": "Yes",
    "getPhone": "Yes",
    "getThumbnail": "Yes",
    "overrideLogo": ""
  }, {
    "imageId": "21",
    "name": "BB&T Securities, LLC",
    "url": "http://www.bbtsecurities.com/",
    "logoUrl": "",
    "thumbnailUrl": "21.png",
    "phone": "800-226-5228",
    "getLogo": "no",
    "getHomeUrl": "Yes",
    "getPhone": "Yes",
    "getThumbnail": "Yes",
    "overrideLogo": ""
  }, {
    "imageId": "22",
    "name": "BBVA Compass Investment Solutions",
    "url": "https://bbvacompass.netxinvestor.com/web/bbva/login",
    "logoUrl": "",
    "thumbnailUrl": "22.png",
    "phone": "1-800-239-1930",
    "getLogo": "no",
    "getHomeUrl": "Yes",
    "getPhone": "Yes",
    "getThumbnail": "Yes",
    "overrideLogo": ""
  }, {
    "imageId": "23",
    "name": "Betterment",
    "url": "https://www.betterment.com",
    "logoUrl": "",
    "thumbnailUrl": "23.png",
    "phone": "1-888-428-9482",
    "getLogo": "no",
    "getHomeUrl": "Yes",
    "getPhone": "Yes",
    "getThumbnail": "Yes",
    "overrideLogo": ""
  }, {
    "imageId": "24",
    "name": "BNY Mellon Cash Management Access Account (CMAA)",
    "url": "http://www.bnymellonwealthmanagement.com/Features/FeaturesMain/Cash-Management-Access-Account.html",
    "logoUrl": "BNYMellon_crop.png",
    "thumbnailUrl": "24.png",
    "phone": "1-800-880-5631",
    "getLogo": "Yes",
    "getHomeUrl": "Yes",
    "getPhone": "Yes",
    "getThumbnail": "Yes",
    "overrideLogo": true
  }, {
    "imageId": "25",
    "name": "BNY Mellon Wealth Management",
    "url": "http://www.bnymellonwealthmanagement.com/",
    "logoUrl": "25.png",
    "thumbnailUrl": "25.png",
    "phone": "1-800-880-5631",
    "getLogo": "Yes",
    "getHomeUrl": "Yes",
    "getPhone": "Yes",
    "getThumbnail": "Yes",
    "overrideLogo": ""
  }, {
    "imageId": "26",
    "name": "Boulder Municipal Employees FCU",
    "url": "https://www.bmecu.org/home/home",
    "logoUrl": "26.png",
    "thumbnailUrl": "26.png",
    "phone": "(303) 441-7800.",
    "getLogo": "Yes",
    "getHomeUrl": "Yes",
    "getPhone": "Yes",
    "getThumbnail": "Yes",
    "overrideLogo": ""
  }, {
    "imageId": "27",
    "name": "Buffalo Funds",
    "url": "http://www.buffalofunds.com/index.html",
    "logoUrl": "",
    "thumbnailUrl": "27.png",
    "phone": "1-800-492-8332",
    "getLogo": "no",
    "getHomeUrl": "Yes",
    "getPhone": "Yes",
    "getThumbnail": "Yes",
    "overrideLogo": ""
  }, {
    "imageId": "28",
    "name": "Capital One",
    "url": "https://www.capitalone.com/",
    "logoUrl": "28.png",
    "thumbnailUrl": "28.png",
    "phone": "1-888-810-4013",
    "getLogo": "Yes",
    "getHomeUrl": "Yes",
    "getPhone": "Yes",
    "getThumbnail": "Yes",
    "overrideLogo": ""
  }, {
    "imageId": "29",
    "name": "Capital One 360",
    "url": "https://home.capitalone360.com/",
    "logoUrl": "29.png",
    "thumbnailUrl": "29.png",
    "phone": "1-888-464-0727",
    "getLogo": "Yes",
    "getHomeUrl": "Yes",
    "getPhone": "Yes",
    "getThumbnail": "Yes",
    "overrideLogo": ""
  }, {
    "imageId": "30",
    "name": "Charles Schwab & Co., Inc.",
    "url": "https://www.schwab.com/",
    "logoUrl": "",
    "thumbnailUrl": "30.png",
    "phone": "866-855-9102",
    "getLogo": "no",
    "getHomeUrl": "Yes",
    "getPhone": "Yes",
    "getThumbnail": "Yes",
    "overrideLogo": ""
  }, {
    "imageId": "31",
    "name": "Chase Bank",
    "url": "https://www.chase.com/",
    "logoUrl": "31.png",
    "thumbnailUrl": "31.png",
    "phone": "1-877-242-7372",
    "getLogo": "Yes",
    "getHomeUrl": "Yes",
    "getPhone": "Yes",
    "getThumbnail": "Yes",
    "overrideLogo": ""
  }, {
    "imageId": "32",
    "name": "Chase Investments",
    "url": "https://www.chase.com/investments",
    "logoUrl": "",
    "thumbnailUrl": "32.png",
    "phone": "1-877-242-7372",
    "getLogo": "no",
    "getHomeUrl": "Yes",
    "getPhone": "Yes",
    "getThumbnail": "Yes",
    "overrideLogo": ""
  }, {
    "imageId": "33",
    "name": "CIT",
    "url": "http://www.cit.com/index.htm",
    "logoUrl": "33.png",
    "thumbnailUrl": "33.png",
    "phone": "973-740-5000",
    "getLogo": "Yes",
    "getHomeUrl": "Yes",
    "getPhone": "Yes",
    "getThumbnail": "Yes",
    "overrideLogo": ""
  }, {
    "imageId": "34",
    "name": "Citi Personal Investments International",
    "url": "http://www.citibank.com/ipb-global/homepage/newsite/content/english/investments.htm",
    "logoUrl": "CitiPersonalInvestmentsInternational_crop.png",
    "thumbnailUrl": "34.png",
    "phone": "1-800-568-8555",
    "getLogo": "no",
    "getHomeUrl": "Yes",
    "getPhone": "Yes",
    "getThumbnail": "Yes",
    "overrideLogo": true
  }, {
    "imageId": "35",
    "name": "Citi Personal Wealth Mgmt.",
    "url": "https://online.citibank.com/US/JRS/pands/detail.do?ID=PWMIRADetails",
    "logoUrl": "CitiPesonalWealthManagement_crop.png",
    "thumbnailUrl": "35.png",
    "phone": "1-800-374-9700",
    "getLogo": "no",
    "getHomeUrl": "Yes",
    "getPhone": "Yes",
    "getThumbnail": "Yes",
    "overrideLogo": true
  }, {
    "imageId": "36",
    "name": "Citi Private Bank",
    "url": "https://www.privatebank.citibank.com/",
    "logoUrl": "citigroupcapitalm1_crop.png",
    "thumbnailUrl": "36.png",
    "phone": "800-645-4100",
    "getLogo": "no",
    "getHomeUrl": "Yes",
    "getPhone": "Yes",
    "getThumbnail": "Yes",
    "overrideLogo": true
  }, {
    "imageId": "37",
    "name": "CitiBank Mortgage",
    "url": "https://www.citimortgage.com/",
    "logoUrl": "37.png",
    "thumbnailUrl": "37.png",
    "phone": "1-800-283-7918",
    "getLogo": "Yes",
    "getHomeUrl": "Yes",
    "getPhone": "Yes",
    "getThumbnail": "Yes",
    "overrideLogo": ""
  }, {
    "imageId": "38",
    "name": "Citibank.com (Investment Accounts Only)",
    "url": "https://online.citibank.com/US/Welcome.c",
    "logoUrl": "CitiInvestments_crop.png",
    "thumbnailUrl": "38.png",
    "phone": "1-800-374-9700",
    "getLogo": "Yes",
    "getHomeUrl": "Yes",
    "getPhone": "Yes",
    "getThumbnail": "Yes",
    "overrideLogo": true
  }, {
    "imageId": "39",
    "name": "Citizen's Bank",
    "url": "https://www.citizensbank.com/",
    "logoUrl": "39.png",
    "thumbnailUrl": "39.png",
    "phone": "1-800-922-9999",
    "getLogo": "Yes",
    "getHomeUrl": "Yes",
    "getPhone": "Yes",
    "getThumbnail": "Yes",
    "overrideLogo": ""
  }, {
    "imageId": "40",
    "name": "Columbia Threadneedle Investments",
    "url": "https://www.columbiathreadneedleus.com/",
    "logoUrl": "",
    "thumbnailUrl": "40.png",
    "phone": "800.345.6611",
    "getLogo": "no",
    "getHomeUrl": "Yes",
    "getPhone": "Yes",
    "getThumbnail": "Yes",
    "overrideLogo": ""
  }, {
    "imageId": "41",
    "name": "Comerica",
    "url": "https://www.comerica.com",
    "logoUrl": "41.png",
    "thumbnailUrl": "41.png",
    "phone": "800.522.2265",
    "getLogo": "Yes",
    "getHomeUrl": "Yes",
    "getPhone": "Yes",
    "getThumbnail": "Yes",
    "overrideLogo": ""
  }, {
    "imageId": "42",
    "name": "Community Resource Credit Union",
    "url": "https://www.crcu.org/",
    "logoUrl": "42.png",
    "thumbnailUrl": "42.png",
    "phone": "800.238.3228",
    "getLogo": "Yes",
    "getHomeUrl": "Yes",
    "getPhone": "Yes",
    "getThumbnail": "Yes",
    "overrideLogo": ""
  }, {
    "imageId": "43",
    "name": "COR Clearing",
    "url": "http://www.corclearing.com/",
    "logoUrl": "",
    "thumbnailUrl": "43.png",
    "phone": "866-774-0218",
    "getLogo": "no",
    "getHomeUrl": "Yes",
    "getPhone": "Yes",
    "getThumbnail": "Yes",
    "overrideLogo": ""
  }, {
    "imageId": "44",
    "name": "Countrywide Home Loan (Now Bank of America)",
    "url": "https://www.bankofamerica.com/sitemap/hub/signin.go",
    "logoUrl": "44.png",
    "thumbnailUrl": "44.png",
    "phone": "1.800.432.1000",
    "getLogo": "Yes",
    "getHomeUrl": "Yes",
    "getPhone": "Yes",
    "getThumbnail": "Yes",
    "overrideLogo": ""
  }, {
    "imageId": "45",
    "name": "Credit Suisse Securities (USA) LLC",
    "url": "https://www.credit-suisse.com/us/en.html",
    "logoUrl": "",
    "thumbnailUrl": "45.png",
    "phone": "1 212 325 2000",
    "getLogo": "no",
    "getHomeUrl": "Yes",
    "getPhone": "Yes",
    "getThumbnail": "Yes",
    "overrideLogo": ""
  }, {
    "imageId": "46",
    "name": "CRI Securities, LLC.",
    "url": "https://www.securian.com/",
    "logoUrl": "",
    "thumbnailUrl": "46.png",
    "phone": "1-855-651-3500",
    "getLogo": "no",
    "getHomeUrl": "Yes",
    "getPhone": "Yes",
    "getThumbnail": "Yes",
    "overrideLogo": ""
  }, {
    "imageId": "47",
    "name": "CUNA Brokerage Services, Inc.",
    "url": "http://services2.cunamutual.com/CBSI/",
    "logoUrl": "",
    "thumbnailUrl": "47.png",
    "phone": "800-356-2644",
    "getLogo": "no",
    "getHomeUrl": "Yes",
    "getPhone": "Yes",
    "getThumbnail": "Yes",
    "overrideLogo": ""
  }, {
    "imageId": "48",
    "name": "D.A. Davidson & Co.",
    "url": "http://www.davidsoncompanies.com/dc/",
    "logoUrl": "",
    "thumbnailUrl": "48.png",
    "phone": "800-332-5915",
    "getLogo": "no",
    "getHomeUrl": "Yes",
    "getPhone": "Yes",
    "getThumbnail": "Yes",
    "overrideLogo": ""
  }, {
    "imageId": "49",
    "name": "Davenport & Company LLC",
    "url": "https://www.davenportllc.com/",
    "logoUrl": "",
    "thumbnailUrl": "49.png",
    "phone": "1-800-846-6666",
    "getLogo": "no",
    "getHomeUrl": "Yes",
    "getPhone": "Yes",
    "getThumbnail": "Yes",
    "overrideLogo": ""
  }, {
    "imageId": "50",
    "name": "Davis Funds",
    "url": "http://www.davisfunds.com/",
    "logoUrl": "",
    "thumbnailUrl": "50.png",
    "phone": "800.279.0279",
    "getLogo": "no",
    "getHomeUrl": "Yes",
    "getPhone": "Yes",
    "getThumbnail": "Yes",
    "overrideLogo": ""
  }, {
    "imageId": "51",
    "name": "Delta Community Credit Union",
    "url": "https://www.deltacommunitycu.com/personal/home.aspx",
    "logoUrl": "",
    "thumbnailUrl": "51.png",
    "phone": "1-800-544-3328",
    "getLogo": "no",
    "getHomeUrl": "Yes",
    "getPhone": "Yes",
    "getThumbnail": "Yes",
    "overrideLogo": ""
  }, {
    "imageId": "52",
    "name": "Deutsche Asset & Wealth Management",
    "url": "https://deutscheawm.com/",
    "logoUrl": "",
    "thumbnailUrl": "52.png",
    "phone": "(800) 728-3337",
    "getLogo": "no",
    "getHomeUrl": "Yes",
    "getPhone": "Yes",
    "getThumbnail": "Yes",
    "overrideLogo": ""
  }, {
    "imageId": "53",
    "name": "Deutsche Bank Alex Brown",
    "url": "http://www.pwm.db.com/americas/index_us.html",
    "logoUrl": "",
    "thumbnailUrl": "53.png",
    "phone": "+1 (310) 788-6200",
    "getLogo": "no",
    "getHomeUrl": "Yes",
    "getPhone": "Yes",
    "getThumbnail": "Yes",
    "overrideLogo": ""
  }, {
    "imageId": "54",
    "name": "Discover Bank",
    "url": "https://www.discover.com/company/",
    "logoUrl": "54.png",
    "thumbnailUrl": "54.png",
    "phone": "1-800-347-2683",
    "getLogo": "Yes",
    "getHomeUrl": "Yes",
    "getPhone": "Yes",
    "getThumbnail": "Yes",
    "overrideLogo": ""
  }, {
    "imageId": "55",
    "name": "Dodge & Cox Funds",
    "url": "https://www.dodgeandcox.com/",
    "logoUrl": "",
    "thumbnailUrl": "55.png",
    "phone": "(800) 621-3979",
    "getLogo": "no",
    "getHomeUrl": "Yes",
    "getPhone": "Yes",
    "getThumbnail": "Yes",
    "overrideLogo": ""
  }, {
    "imageId": "57",
    "name": "E*TRADE Bank",
    "url": "https://us.etrade.com/banking",
    "logoUrl": "57.png",
    "thumbnailUrl": "57.png",
    "phone": "1-800-387-2331",
    "getLogo": "Yes",
    "getHomeUrl": "Yes",
    "getPhone": "Yes",
    "getThumbnail": "Yes",
    "overrideLogo": ""
  }, {
    "imageId": "58",
    "name": "E*TRADE Securities",
    "url": "https://us.etrade.com/home",
    "logoUrl": "etrade_securities.png",
    "thumbnailUrl": "58.png",
    "phone": "(1-800-387-2331)",
    "getLogo": "no",
    "getHomeUrl": "Yes",
    "getPhone": "Yes",
    "getThumbnail": "Yes",
    "overrideLogo": true
  }, {
    "imageId": "59",
    "name": "E1 Financial Credit Union",
    "url": "http://www.e1financial.org",
    "logoUrl": "59.png",
    "thumbnailUrl": "59.png",
    "phone": "800-444-6327",
    "getLogo": "Yes",
    "getHomeUrl": "Yes",
    "getPhone": "Yes",
    "getThumbnail": "Yes",
    "overrideLogo": ""
  }, {
    "imageId": "60",
    "name": "Eagle Family of Funds",
    "url": "http://www.eagleasset.com/",
    "logoUrl": "",
    "thumbnailUrl": "60.png",
    "phone": "1.800.237.3101",
    "getLogo": "no",
    "getHomeUrl": "Yes",
    "getPhone": "Yes",
    "getThumbnail": "Yes",
    "overrideLogo": ""
  }, {
    "imageId": "61",
    "name": "Educational Systems FCU",
    "url": "https://www.esfcu.org/",
    "logoUrl": "61.png",
    "thumbnailUrl": "61.png",
    "phone": "1.800.356.6660",
    "getLogo": "Yes",
    "getHomeUrl": "Yes",
    "getPhone": "Yes",
    "getThumbnail": "Yes",
    "overrideLogo": ""
  }, {
    "imageId": "62",
    "name": "Educators Credit Union of Racine, WI",
    "url": "https://www.ecu.com/",
    "logoUrl": "62.png",
    "thumbnailUrl": "62.png",
    "phone": "(800) 236-5898",
    "getLogo": "Yes",
    "getHomeUrl": "Yes",
    "getPhone": "Yes",
    "getThumbnail": "Yes",
    "overrideLogo": ""
  }, {
    "imageId": "63",
    "name": "Edward Jones",
    "url": "https://www.edwardjones.com/",
    "logoUrl": "",
    "thumbnailUrl": "63.png",
    "phone": "1-800-803-3333",
    "getLogo": "no",
    "getHomeUrl": "Yes",
    "getPhone": "Yes",
    "getThumbnail": "Yes",
    "overrideLogo": ""
  }, {
    "imageId": "64",
    "name": "Federated Investors",
    "url": "http://www.federatedinvestors.com/FII/home.do",
    "logoUrl": "",
    "thumbnailUrl": "64.png",
    "phone": "800-341-7400",
    "getLogo": "no",
    "getHomeUrl": "Yes",
    "getPhone": "Yes",
    "getThumbnail": "Yes",
    "overrideLogo": ""
  }, {
    "imageId": "65",
    "name": "Fidelity Investments",
    "url": "https://www.fidelity.com/",
    "logoUrl": "fidelity_investments.png",
    "thumbnailUrl": "65.png",
    "phone": "800-343-3548",
    "getLogo": "no",
    "getHomeUrl": "Yes",
    "getPhone": "Yes",
    "getThumbnail": "Yes",
    "overrideLogo": true
  }, {
    "imageId": "66",
    "name": "Fifth Third Bank",
    "url": "https://www.53.com",
    "logoUrl": "66.png",
    "thumbnailUrl": "66.png",
    "phone": "1-800-972-3030",
    "getLogo": "Yes",
    "getHomeUrl": "Yes",
    "getPhone": "Yes",
    "getThumbnail": "Yes",
    "overrideLogo": ""
  }, {
    "imageId": "67",
    "name": "First Clearing, LLC",
    "url": "https://www.firstclearingllc.com/",
    "logoUrl": "",
    "thumbnailUrl": "67.png",
    "phone": "888-322-2532",
    "getLogo": "no",
    "getHomeUrl": "Yes",
    "getPhone": "Yes",
    "getThumbnail": "Yes",
    "overrideLogo": ""
  }, {
    "imageId": "68",
    "name": "First Command Financial Planning",
    "url": "http://www.firstcommand.com/",
    "logoUrl": "",
    "thumbnailUrl": "68.png",
    "phone": "1-800-443-2104",
    "getLogo": "no",
    "getHomeUrl": "Yes",
    "getPhone": "Yes",
    "getThumbnail": "Yes",
    "overrideLogo": ""
  }, {
    "imageId": "69",
    "name": "First Eagle Funds",
    "url": "https://www.feim.com/",
    "logoUrl": "",
    "thumbnailUrl": "69.png",
    "phone": "800.747.2008",
    "getLogo": "no",
    "getHomeUrl": "Yes",
    "getPhone": "Yes",
    "getThumbnail": "Yes",
    "overrideLogo": ""
  }, {
    "imageId": "70",
    "name": "First Entertainment CU",
    "url": "https://www.firstent.org/index.shtml",
    "logoUrl": "70.png",
    "thumbnailUrl": "70.png",
    "phone": "(888) 800-3328",
    "getLogo": "Yes",
    "getHomeUrl": "Yes",
    "getPhone": "Yes",
    "getThumbnail": "Yes",
    "overrideLogo": ""
  }, {
    "imageId": "71",
    "name": "First National Bank (CO) - Personal Banking",
    "url": "https://www.1stnationalbank.com/site/personal/",
    "logoUrl": "71.png",
    "thumbnailUrl": "71.png",
    "phone": "888-530-3626",
    "getLogo": "Yes",
    "getHomeUrl": "Yes",
    "getPhone": "Yes",
    "getThumbnail": "Yes",
    "overrideLogo": ""
  }, {
    "imageId": "72",
    "name": "First Niagara Bank",
    "url": "https://www.firstniagara.com",
    "logoUrl": "72.png",
    "thumbnailUrl": "72.png",
    "phone": "1-800-421-0004",
    "getLogo": "Yes",
    "getHomeUrl": "Yes",
    "getPhone": "Yes",
    "getThumbnail": "Yes",
    "overrideLogo": ""
  }, {
    "imageId": "73",
    "name": "First Republic Securities Company, LLC",
    "url": "https://www.firstrepublic.com/",
    "logoUrl": "",
    "thumbnailUrl": "73.png",
    "phone": "(888) 408-0288",
    "getLogo": "no",
    "getHomeUrl": "Yes",
    "getPhone": "Yes",
    "getThumbnail": "Yes",
    "overrideLogo": ""
  }, {
    "imageId": "74",
    "name": "FirstSouthwest Company",
    "url": "http://www.firstsw.com/",
    "logoUrl": "",
    "thumbnailUrl": "74.png",
    "phone": "800-678-3792",
    "getLogo": "no",
    "getHomeUrl": "Yes",
    "getPhone": "Yes",
    "getThumbnail": "Yes",
    "overrideLogo": ""
  }, {
    "imageId": "75",
    "name": "Franklin Templeton Investments",
    "url": "https://www.franklintempleton.com/",
    "logoUrl": "",
    "thumbnailUrl": "75.png",
    "phone": "800-632-2301",
    "getLogo": "no",
    "getHomeUrl": "Yes",
    "getPhone": "Yes",
    "getThumbnail": "Yes",
    "overrideLogo": ""
  }, {
    "imageId": "76",
    "name": "Gabelli Funds",
    "url": "http://www.gabelli.com/",
    "logoUrl": "",
    "thumbnailUrl": "76.png",
    "phone": "800-422-3554",
    "getLogo": "no",
    "getHomeUrl": "Yes",
    "getPhone": "Yes",
    "getThumbnail": "Yes",
    "overrideLogo": ""
  }, {
    "imageId": "77",
    "name": "GainsKeeper",
    "url": "https://www.gainskeeper.com/",
    "logoUrl": "",
    "thumbnailUrl": "77.png",
    "phone": "1-888-441-3339",
    "getLogo": "no",
    "getHomeUrl": "Yes",
    "getPhone": "Yes",
    "getThumbnail": "Yes",
    "overrideLogo": ""
  }, {
    "imageId": "79",
    "name": "Guggenheim Investments",
    "url": "http://guggenheiminvestments.com/home",
    "logoUrl": "",
    "thumbnailUrl": "79.png",
    "phone": "800.820.0888",
    "getLogo": "no",
    "getHomeUrl": "Yes",
    "getPhone": "Yes",
    "getThumbnail": "Yes",
    "overrideLogo": ""
  }, {
    "imageId": "80",
    "name": "Harbor Funds",
    "url": "http://www.harborfunds.com",
    "logoUrl": "",
    "thumbnailUrl": "80.png",
    "phone": "800-422-1050",
    "getLogo": "no",
    "getHomeUrl": "Yes",
    "getPhone": "Yes",
    "getThumbnail": "Yes",
    "overrideLogo": ""
  }, {
    "imageId": "81",
    "name": "Harrisdirect",
    "url": "https://us.etrade.com/home",
    "logoUrl": "",
    "thumbnailUrl": "81.png",
    "phone": "1-800-387-2331",
    "getLogo": "no",
    "getHomeUrl": "Yes",
    "getPhone": "Yes",
    "getThumbnail": "Yes",
    "overrideLogo": ""
  }, {
    "imageId": "82",
    "name": "Hartford Funds",
    "url": "https://www.hartfordfunds.com",
    "logoUrl": "",
    "thumbnailUrl": "82.png",
    "phone": "610-386-7415",
    "getLogo": "no",
    "getHomeUrl": "Yes",
    "getPhone": "Yes",
    "getThumbnail": "Yes",
    "overrideLogo": ""
  }, {
    "imageId": "83",
    "name": "Hefren-Tillotson, Inc.",
    "url": "https://www.hefren.com/",
    "logoUrl": "",
    "thumbnailUrl": "83.png",
    "phone": "(412) 434-0990",
    "getLogo": "no",
    "getHomeUrl": "Yes",
    "getPhone": "Yes",
    "getThumbnail": "Yes",
    "overrideLogo": ""
  }, {
    "imageId": "84",
    "name": "Hilliard Lyons (JJB Hilliard, WL Lyons, LLC)",
    "url": "http://www.hilliard.com/",
    "logoUrl": "",
    "thumbnailUrl": "84.png",
    "phone": "800-444-1854",
    "getLogo": "no",
    "getHomeUrl": "Yes",
    "getPhone": "Yes",
    "getThumbnail": "Yes",
    "overrideLogo": ""
  }, {
    "imageId": "85",
    "name": "Homestead Funds",
    "url": "http://www.homesteadfunds.com/",
    "logoUrl": "",
    "thumbnailUrl": "85.png",
    "phone": "800.258.3030",
    "getLogo": "no",
    "getHomeUrl": "Yes",
    "getPhone": "Yes",
    "getThumbnail": "Yes",
    "overrideLogo": ""
  }, {
    "imageId": "86",
    "name": "Honor Credit Union (MI) - Credit Card",
    "url": "https://www.honorcu.com/",
    "logoUrl": "86.png",
    "thumbnailUrl": "86.png",
    "phone": "800-442.2800",
    "getLogo": "Yes",
    "getHomeUrl": "Yes",
    "getPhone": "Yes",
    "getThumbnail": "Yes",
    "overrideLogo": ""
  }, {
    "imageId": "87",
    "name": "HSBC",
    "url": "https://www.us.hsbc.com/1/2/home/personal-banking",
    "logoUrl": "87.png",
    "thumbnailUrl": "87.png",
    "phone": "800.975.4722",
    "getLogo": "Yes",
    "getHomeUrl": "Yes",
    "getPhone": "Yes",
    "getThumbnail": "Yes",
    "overrideLogo": ""
  }, {
    "imageId": "88",
    "name": "Hudson City Bank",
    "url": "https://www.hcsbonline.com/",
    "logoUrl": "88.png",
    "thumbnailUrl": "88.png",
    "phone": "(866) 881-4272",
    "getLogo": "Yes",
    "getHomeUrl": "Yes",
    "getPhone": "Yes",
    "getThumbnail": "Yes",
    "overrideLogo": ""
  }, {
    "imageId": "89",
    "name": "Huntington Bank",
    "url": "https://www.huntington.com/",
    "logoUrl": "89.png",
    "thumbnailUrl": "89.png",
    "phone": "1-800-480-2265",
    "getLogo": "Yes",
    "getHomeUrl": "Yes",
    "getPhone": "Yes",
    "getThumbnail": "Yes",
    "overrideLogo": ""
  }, {
    "imageId": "90",
    "name": "Infinisource",
    "url": "http://www.infinisource.com/",
    "logoUrl": "",
    "thumbnailUrl": "90.png",
    "phone": "800-300-3838",
    "getLogo": "no",
    "getHomeUrl": "Yes",
    "getPhone": "Yes",
    "getThumbnail": "Yes",
    "overrideLogo": ""
  }, {
    "imageId": "91",
    "name": "Invesco",
    "url": "https://www.invesco.com/portal/site/us/template.LOGIN/",
    "logoUrl": "Invesco_crop.png",
    "thumbnailUrl": "91.png",
    "phone": "(800) 959-4246",
    "getLogo": "no",
    "getHomeUrl": "Yes",
    "getPhone": "Yes",
    "getThumbnail": "Yes",
    "overrideLogo": true
  }, {
    "imageId": "92",
    "name": "Investor360",
    "url": "https://www.investor360.net/",
    "logoUrl": "",
    "thumbnailUrl": "92.png",
    "phone": "800.237.0081",
    "getLogo": "no",
    "getHomeUrl": "Yes",
    "getPhone": "Yes",
    "getThumbnail": "Yes",
    "overrideLogo": ""
  }, {
    "imageId": "93",
    "name": "iTips",
    "url": "http://www.itips.info/",
    "logoUrl": "",
    "thumbnailUrl": "93.png",
    "phone": "7607474517",
    "getLogo": "no",
    "getHomeUrl": "Yes",
    "getPhone": "Yes",
    "getThumbnail": "Yes",
    "overrideLogo": ""
  }, {
    "imageId": "94",
    "name": "Ivy Funds",
    "url": "https://www.ivyfunds.com/",
    "logoUrl": "",
    "thumbnailUrl": "94.png",
    "phone": "1-800-777-6472",
    "getLogo": "no",
    "getHomeUrl": "Yes",
    "getPhone": "Yes",
    "getThumbnail": "Yes",
    "overrideLogo": ""
  }, {
    "imageId": "95",
    "name": "J.P. Morgan Clearing Corp.",
    "url": "http://www.jpmorgansecurities.com/",
    "logoUrl": "",
    "thumbnailUrl": "95.png",
    "phone": "1-855-661-5925",
    "getLogo": "no",
    "getHomeUrl": "Yes",
    "getPhone": "Yes",
    "getThumbnail": "Yes",
    "overrideLogo": ""
  }, {
    "imageId": "96",
    "name": "J.P. Morgan Private Banking",
    "url": "https://privatebank.jpmorgan.com/",
    "logoUrl": "",
    "thumbnailUrl": "96.png",
    "phone": "1-212-270-6000",
    "getLogo": "no",
    "getHomeUrl": "Yes",
    "getPhone": "Yes",
    "getThumbnail": "Yes",
    "overrideLogo": ""
  }, {
    "imageId": "97",
    "name": "J.P. Morgan Securities",
    "url": "http://www.jpmorgansecurities.com/",
    "logoUrl": "",
    "thumbnailUrl": "97.png",
    "phone": "(800) 444-2327",
    "getLogo": "no",
    "getHomeUrl": "Yes",
    "getPhone": "Yes",
    "getThumbnail": "Yes",
    "overrideLogo": ""
  }, {
    "imageId": "98",
    "name": "Janney Montgomery Scott LLC",
    "url": "http://www.janney.com/",
    "logoUrl": "",
    "thumbnailUrl": "98.png",
    "phone": "(800) 526-6397",
    "getLogo": "no",
    "getHomeUrl": "Yes",
    "getPhone": "Yes",
    "getThumbnail": "Yes",
    "overrideLogo": ""
  }, {
    "imageId": "99",
    "name": "Janus",
    "url": "https://www.janus.com",
    "logoUrl": "",
    "thumbnailUrl": "99.png",
    "phone": "800.525.3713",
    "getLogo": "no",
    "getHomeUrl": "Yes",
    "getPhone": "Yes",
    "getThumbnail": "Yes",
    "overrideLogo": ""
  }, {
    "imageId": "100",
    "name": "JM Associates Federal Credit Union (FL)",
    "url": "https://www.jmafcu.org/",
    "logoUrl": "100.png",
    "thumbnailUrl": "100.png",
    "phone": "800-581-2256",
    "getLogo": "Yes",
    "getHomeUrl": "Yes",
    "getPhone": "Yes",
    "getThumbnail": "Yes",
    "overrideLogo": ""
  }, {
    "imageId": "101",
    "name": "John Hancock Investments",
    "url": "http://www.jhinvestments.com",
    "logoUrl": "",
    "thumbnailUrl": "101.png",
    "phone": "800-225-5291",
    "getLogo": "no",
    "getHomeUrl": "Yes",
    "getPhone": "Yes",
    "getThumbnail": "Yes",
    "overrideLogo": ""
  }, {
    "imageId": "102",
    "name": "JPMorgan Funds",
    "url": "https://www.jpmorganfunds.com",
    "logoUrl": "",
    "thumbnailUrl": "102.png",
    "phone": "800-480-4111",
    "getLogo": "no",
    "getHomeUrl": "Yes",
    "getPhone": "Yes",
    "getThumbnail": "Yes",
    "overrideLogo": ""
  }, {
    "imageId": "103",
    "name": "Key Bank",
    "url": "https://www.key.com/",
    "logoUrl": "103.png",
    "thumbnailUrl": "103.png",
    "phone": "800 (539-2968)",
    "getLogo": "Yes",
    "getHomeUrl": "Yes",
    "getPhone": "Yes",
    "getThumbnail": "Yes",
    "overrideLogo": ""
  }, {
    "imageId": "104",
    "name": "Lincoln Investment Planning, Inc.",
    "url": "https://www.lincolninvestment.com",
    "logoUrl": "",
    "thumbnailUrl": "104.png",
    "phone": "(800) 242-1421 x5555",
    "getLogo": "no",
    "getHomeUrl": "Yes",
    "getPhone": "Yes",
    "getThumbnail": "Yes",
    "overrideLogo": ""
  }, {
    "imageId": "105",
    "name": "Loomis Sayles Funds",
    "url": "http://www.loomissayles.com/",
    "logoUrl": "",
    "thumbnailUrl": "105.png",
    "phone": "(800) 633-3330",
    "getLogo": "no",
    "getHomeUrl": "Yes",
    "getPhone": "Yes",
    "getThumbnail": "Yes",
    "overrideLogo": ""
  }, {
    "imageId": "106",
    "name": "Lord Abbett",
    "url": "https://www.lordabbett.com/en.html",
    "logoUrl": "",
    "thumbnailUrl": "106.png",
    "phone": "1-888-522-2388",
    "getLogo": "no",
    "getHomeUrl": "Yes",
    "getPhone": "Yes",
    "getThumbnail": "Yes",
    "overrideLogo": ""
  }, {
    "imageId": "107",
    "name": "LPL Financial",
    "url": "http://lplfinancial.lpl.com",
    "logoUrl": "",
    "thumbnailUrl": "107.png",
    "phone": "(800) 877-7210",
    "getLogo": "no",
    "getHomeUrl": "Yes",
    "getPhone": "Yes",
    "getThumbnail": "Yes",
    "overrideLogo": ""
  }, {
    "imageId": "108",
    "name": "M&T Bank",
    "url": "https://www.mtb.com",
    "logoUrl": "108.png",
    "thumbnailUrl": "108.png",
    "phone": "1-800-724-2440",
    "getLogo": "Yes",
    "getHomeUrl": "Yes",
    "getPhone": "Yes",
    "getThumbnail": "Yes",
    "overrideLogo": ""
  }, {
    "imageId": "109",
    "name": "Madison Funds",
    "url": "http://www.madisonfunds.com/",
    "logoUrl": "",
    "thumbnailUrl": "109.png",
    "phone": "800.877.6089",
    "getLogo": "no",
    "getHomeUrl": "Yes",
    "getPhone": "Yes",
    "getThumbnail": "Yes",
    "overrideLogo": ""
  }, {
    "imageId": "110",
    "name": "MainStay",
    "url": "https://www.nylinvestments.com/mainstay",
    "logoUrl": "",
    "thumbnailUrl": "110.png",
    "phone": "800-624 6782",
    "getLogo": "no",
    "getHomeUrl": "Yes",
    "getPhone": "Yes",
    "getThumbnail": "Yes",
    "overrideLogo": ""
  }, {
    "imageId": "111",
    "name": "Members 1st FCU (PA)",
    "url": "http://www.members1st.org",
    "logoUrl": "111.png",
    "thumbnailUrl": "111.png",
    "phone": "(800) 237-7288",
    "getLogo": "Yes",
    "getHomeUrl": "Yes",
    "getPhone": "Yes",
    "getThumbnail": "Yes",
    "overrideLogo": ""
  }, {
    "imageId": "112",
    "name": "Merrill Lynch",
    "url": "http://www.ml.com",
    "logoUrl": "",
    "thumbnailUrl": "112.png",
    "phone": "1-800-637-7455",
    "getLogo": "no",
    "getHomeUrl": "Yes",
    "getPhone": "Yes",
    "getThumbnail": "Yes",
    "overrideLogo": ""
  }, {
    "imageId": "113",
    "name": "MFS Investment Management",
    "url": "https://www.mfs.com/",
    "logoUrl": "",
    "thumbnailUrl": "113.png",
    "phone": "1-800-637-8255",
    "getLogo": "no",
    "getHomeUrl": "Yes",
    "getPhone": "Yes",
    "getThumbnail": "Yes",
    "overrideLogo": ""
  }, {
    "imageId": "114",
    "name": "Morgan Keegan & Company",
    "url": "http://raymondjames.com/morgan_keegan/",
    "logoUrl": "",
    "thumbnailUrl": "114.png",
    "phone": "800-248-8863",
    "getLogo": "no",
    "getHomeUrl": "Yes",
    "getPhone": "Yes",
    "getThumbnail": "Yes",
    "overrideLogo": ""
  }, {
    "imageId": "115",
    "name": "Morgan Stanley Wealth Management",
    "url": "https://www.morganstanleyclientserv.com/",
    "logoUrl": "MorganStanleyWealthManagement.png",
    "thumbnailUrl": "MorganStanley.png",
    "phone": "1(888) 454-3965",
    "getLogo": "no",
    "getHomeUrl": "Yes",
    "getPhone": "Yes",
    "getThumbnail": "Yes",
    "overrideLogo": true
  }, {
    "imageId": "116",
    "name": "National Financial",
    "url": "http://www.nationalfinancialservicesgroup.com/",
    "logoUrl": "",
    "thumbnailUrl": "116.png",
    "phone": "877-777-0163",
    "getLogo": "no",
    "getHomeUrl": "Yes",
    "getPhone": "Yes",
    "getThumbnail": "Yes",
    "overrideLogo": ""
  }, {
    "imageId": "117",
    "name": "Natixis Funds",
    "url": "http://ngam.natixis.com/us/investor/1250190179099/Funds",
    "logoUrl": "",
    "thumbnailUrl": "117.png",
    "phone": "800-225-5478",
    "getLogo": "no",
    "getHomeUrl": "Yes",
    "getPhone": "Yes",
    "getThumbnail": "Yes",
    "overrideLogo": ""
  }, {
    "imageId": "118",
    "name": "NetXInvestor (Pershing) Formerly NetExchangeClient",
    "url": "https://www.netxinvestor.com/web/netxinvestor/login",
    "logoUrl": "",
    "thumbnailUrl": "118.png",
    "phone": "NA",
    "getLogo": "no",
    "getHomeUrl": "Yes",
    "getPhone": "Yes",
    "getThumbnail": "Yes",
    "overrideLogo": ""
  }, {
    "imageId": "119",
    "name": "NMIS, LLC",
    "url": "http://www.northwesternmutual.com/",
    "logoUrl": "",
    "thumbnailUrl": "119.png",
    "phone": "(414) 271-1444",
    "getLogo": "no",
    "getHomeUrl": "Yes",
    "getPhone": "Yes",
    "getThumbnail": "Yes",
    "overrideLogo": ""
  }, {
    "imageId": "120",
    "name": "Northern Trust",
    "url": "https://www.northerntrust.com/",
    "logoUrl": "120.png",
    "thumbnailUrl": "120.png",
    "phone": "+1 866-876-9944",
    "getLogo": "Yes",
    "getHomeUrl": "Yes",
    "getPhone": "Yes",
    "getThumbnail": "Yes",
    "overrideLogo": ""
  }, {
    "imageId": "121",
    "name": "Notre Dame Federal Credit Union",
    "url": "https://www.notredamefcu.com",
    "logoUrl": "121.png",
    "thumbnailUrl": "121.png",
    "phone": "800 / 522-6611",
    "getLogo": "Yes",
    "getHomeUrl": "Yes",
    "getPhone": "Yes",
    "getThumbnail": "Yes",
    "overrideLogo": ""
  }, {
    "imageId": "122",
    "name": "NW Preferred Federal Credit Union",
    "url": "https://mycreditunion.com",
    "logoUrl": "122.png",
    "thumbnailUrl": "122.png",
    "phone": "866.236.6968",
    "getLogo": "Yes",
    "getHomeUrl": "Yes",
    "getPhone": "Yes",
    "getThumbnail": "Yes",
    "overrideLogo": ""
  }, {
    "imageId": "123",
    "name": "Oakmark Funds",
    "url": "http://www.oakmark.com/oakmark.htm",
    "logoUrl": "",
    "thumbnailUrl": "123.png",
    "phone": "1-800-625-6275",
    "getLogo": "no",
    "getHomeUrl": "Yes",
    "getPhone": "Yes",
    "getThumbnail": "Yes",
    "overrideLogo": ""
  }, {
    "imageId": "124",
    "name": "OneWest Bank",
    "url": "https://www.owb.com/",
    "logoUrl": "124.png",
    "thumbnailUrl": "124.png",
    "phone": "1.800.669.2300",
    "getLogo": "Yes",
    "getHomeUrl": "Yes",
    "getPhone": "Yes",
    "getThumbnail": "Yes",
    "overrideLogo": ""
  }, {
    "imageId": "125",
    "name": "Oppenheimer & Co. Inc.",
    "url": "https://www.opco.com/",
    "logoUrl": "",
    "thumbnailUrl": "125.png",
    "phone": "800-221-5588",
    "getLogo": "no",
    "getHomeUrl": "Yes",
    "getPhone": "Yes",
    "getThumbnail": "Yes",
    "overrideLogo": ""
  }, {
    "imageId": "126",
    "name": "OppenheimerFunds Inc",
    "url": "https://www.oppenheimerfunds.com/investors/",
    "logoUrl": "126.png",
    "thumbnailUrl": "126.png",
    "phone": "1-888-470-0862",
    "getLogo": "no",
    "getHomeUrl": "Yes",
    "getPhone": "Yes",
    "getThumbnail": "Yes",
    "overrideLogo": ""
  }, {
    "imageId": "127",
    "name": "Pentagon Federal Credit Union",
    "url": "https://www.penfed.org/",
    "logoUrl": "127.png",
    "thumbnailUrl": "127.png",
    "phone": "800-247-5626",
    "getLogo": "Yes",
    "getHomeUrl": "Yes",
    "getPhone": "Yes",
    "getThumbnail": "Yes",
    "overrideLogo": ""
  }, {
    "imageId": "128",
    "name": "People's United Bank",
    "url": "https://www.peoples.com",
    "logoUrl": "128.png",
    "thumbnailUrl": "128.png",
    "phone": "1-800-894-0300",
    "getLogo": "Yes",
    "getHomeUrl": "Yes",
    "getPhone": "Yes",
    "getThumbnail": "Yes",
    "overrideLogo": ""
  }, {
    "imageId": "129",
    "name": "Pershing Advisor Solutions",
    "url": "http://www.pershing.com/ria.html",
    "logoUrl": "",
    "thumbnailUrl": "129.png",
    "phone": "(800) 445-4467",
    "getLogo": "no",
    "getHomeUrl": "Yes",
    "getPhone": "Yes",
    "getThumbnail": "Yes",
    "overrideLogo": ""
  }, {
    "imageId": "130",
    "name": "PIMCO Funds (A, B, C shares)",
    "url": "https://investments.pimco.com/pages/default.aspx",
    "logoUrl": "",
    "thumbnailUrl": "130.png",
    "phone": "888.877.4626",
    "getLogo": "no",
    "getHomeUrl": "Yes",
    "getPhone": "Yes",
    "getThumbnail": "Yes",
    "overrideLogo": ""
  }, {
    "imageId": "131",
    "name": "PIMCO Funds (Institutional)",
    "url": "https://investments.pimco.com/Pages/Default.aspx",
    "logoUrl": "",
    "thumbnailUrl": "131.png",
    "phone": "888.877.4626",
    "getLogo": "no",
    "getHomeUrl": "Yes",
    "getPhone": "Yes",
    "getThumbnail": "Yes",
    "overrideLogo": ""
  }, {
    "imageId": "132",
    "name": "Pioneer Investments",
    "url": "http://us.pioneerinvestments.com/?jumpto=Investor",
    "logoUrl": "",
    "thumbnailUrl": "132.png",
    "phone": "800-225-6292",
    "getLogo": "no",
    "getHomeUrl": "Yes",
    "getPhone": "Yes",
    "getThumbnail": "Yes",
    "overrideLogo": ""
  }, {
    "imageId": "133",
    "name": "PNC Bank",
    "url": "https://www.pnc.com",
    "logoUrl": "133.png",
    "thumbnailUrl": "133.png",
    "phone": "1-888-762-2265",
    "getLogo": "Yes",
    "getHomeUrl": "Yes",
    "getPhone": "Yes",
    "getThumbnail": "Yes",
    "overrideLogo": ""
  }, {
    "imageId": "134",
    "name": "Popular Community Bank",
    "url": "http://www.popular.com/inicio",
    "logoUrl": "134.png",
    "thumbnailUrl": "134.png",
    "phone": "1-888-724-3655",
    "getLogo": "Yes",
    "getHomeUrl": "Yes",
    "getPhone": "Yes",
    "getThumbnail": "Yes",
    "overrideLogo": ""
  }, {
    "imageId": "135",
    "name": "Power Financial Credit Union",
    "url": "https://www.powerfi.org/",
    "logoUrl": "135.png",
    "thumbnailUrl": "135.png",
    "phone": "800.548.5465",
    "getLogo": "Yes",
    "getHomeUrl": "Yes",
    "getPhone": "Yes",
    "getThumbnail": "Yes",
    "overrideLogo": ""
  }, {
    "imageId": "136",
    "name": "Presidential Bank",
    "url": "https://www.presidential.com/",
    "logoUrl": "136.png",
    "thumbnailUrl": "136.png",
    "phone": "800-383-6266",
    "getLogo": "Yes",
    "getHomeUrl": "Yes",
    "getPhone": "Yes",
    "getThumbnail": "Yes",
    "overrideLogo": ""
  }, {
    "imageId": "137",
    "name": "Principal Funds",
    "url": "https://www.principalfunds.com/investor/index.shtm",
    "logoUrl": "",
    "thumbnailUrl": "137.png",
    "phone": "800-222-5852",
    "getLogo": "no",
    "getHomeUrl": "Yes",
    "getPhone": "Yes",
    "getThumbnail": "Yes",
    "overrideLogo": ""
  }, {
    "imageId": "138",
    "name": "Princor Financial Services",
    "url": "https://www.principal.com/financialpros/princor/",
    "logoUrl": "PrincorFinancialServices_crop.png",
    "thumbnailUrl": "138.png",
    "phone": "800.986.3343",
    "getLogo": "no",
    "getHomeUrl": "Yes",
    "getPhone": "Yes",
    "getThumbnail": "Yes",
    "overrideLogo": true
  }, {
    "imageId": "139",
    "name": "Qforce",
    "url": "https://www.goqforce.com",
    "logoUrl": "",
    "thumbnailUrl": "139.png",
    "phone": "Must login to the site, not listed on gethuman.com",
    "getLogo": "no",
    "getHomeUrl": "Yes",
    "getPhone": "Yes",
    "getThumbnail": "Yes",
    "overrideLogo": ""
  }, {
    "imageId": "140",
    "name": "Raymond James",
    "url": "http://www.raymondjames.com",
    "logoUrl": "",
    "thumbnailUrl": "140.png",
    "phone": "800-248-8863",
    "getLogo": "no",
    "getHomeUrl": "Yes",
    "getPhone": "Yes",
    "getThumbnail": "Yes",
    "overrideLogo": ""
  }, {
    "imageId": "141",
    "name": "Raymond James Bank",
    "url": "http://www.raymondjamesbank.com/",
    "logoUrl": "",
    "thumbnailUrl": "141.png",
    "phone": "800.718.2265",
    "getLogo": "no",
    "getHomeUrl": "Yes",
    "getPhone": "Yes",
    "getThumbnail": "Yes",
    "overrideLogo": ""
  }, {
    "imageId": "142",
    "name": "RBC",
    "url": "http://www.rbcroyalbank.com/personal.html",
    "logoUrl": "",
    "thumbnailUrl": "142.png",
    "phone": "1-800-769-2511",
    "getLogo": "no",
    "getHomeUrl": "Yes",
    "getPhone": "Yes",
    "getThumbnail": "Yes",
    "overrideLogo": ""
  }, {
    "imageId": "143",
    "name": "Red Rocks Credit Union",
    "url": "https://www.redrocks.org/",
    "logoUrl": "143.png",
    "thumbnailUrl": "143.png",
    "phone": "1-800-648-2859",
    "getLogo": "Yes",
    "getHomeUrl": "Yes",
    "getPhone": "Yes",
    "getThumbnail": "Yes",
    "overrideLogo": ""
  }, {
    "imageId": "144",
    "name": "Regions Bank",
    "url": "https://www.regions.com",
    "logoUrl": "144.png",
    "thumbnailUrl": "144.png",
    "phone": "1-800-734-4667",
    "getLogo": "Yes",
    "getHomeUrl": "Yes",
    "getPhone": "Yes",
    "getThumbnail": "Yes",
    "overrideLogo": ""
  }, {
    "imageId": "145",
    "name": "Robert W. Baird & Co. (1099 Tax Statement)",
    "url": "http://www.rwbaird.com/",
    "logoUrl": "",
    "thumbnailUrl": "145.png",
    "phone": "800-792-2473",
    "getLogo": "no",
    "getHomeUrl": "Yes",
    "getPhone": "Yes",
    "getThumbnail": "Yes",
    "overrideLogo": ""
  }, {
    "imageId": "146",
    "name": "Robert W. Baird & Co. (Form 1099-R)",
    "url": "http://www.rwbaird.com/",
    "logoUrl": "",
    "thumbnailUrl": "146.png",
    "phone": "800-792-2473",
    "getLogo": "no",
    "getHomeUrl": "Yes",
    "getPhone": "Yes",
    "getThumbnail": "Yes",
    "overrideLogo": ""
  }, {
    "imageId": "147",
    "name": "Royce Funds",
    "url": "http://www.roycefunds.com/",
    "logoUrl": "",
    "thumbnailUrl": "147.png",
    "phone": "800-221-4268",
    "getLogo": "no",
    "getHomeUrl": "Yes",
    "getPhone": "Yes",
    "getThumbnail": "Yes",
    "overrideLogo": ""
  }, {
    "imageId": "148",
    "name": "RS Investments",
    "url": "http://www.rsinvestments.com/wps/portal",
    "logoUrl": "",
    "thumbnailUrl": "148.png",
    "phone": "800-766-3863",
    "getLogo": "no",
    "getHomeUrl": "Yes",
    "getPhone": "Yes",
    "getThumbnail": "Yes",
    "overrideLogo": ""
  }, {
    "imageId": "149",
    "name": "Santander Bank",
    "url": "https://www.santanderbank.com/us/",
    "logoUrl": "149.png",
    "thumbnailUrl": "149.png",
    "phone": "877.768.2265",
    "getLogo": "Yes",
    "getHomeUrl": "Yes",
    "getPhone": "Yes",
    "getThumbnail": "Yes",
    "overrideLogo": ""
  }, {
    "imageId": "150",
    "name": "SCE Federal Credit Union",
    "url": "https://www.scefcu.org/",
    "logoUrl": "150.png",
    "thumbnailUrl": "150.png",
    "phone": "800.866.6474",
    "getLogo": "Yes",
    "getHomeUrl": "Yes",
    "getPhone": "Yes",
    "getThumbnail": "Yes",
    "overrideLogo": ""
  }, {
    "imageId": "151",
    "name": "Schedule K-1.com",
    "url": "https://www.schedulek-1.com/",
    "logoUrl": "",
    "thumbnailUrl": "151.png",
    "phone": "NA",
    "getLogo": "no",
    "getHomeUrl": "Yes",
    "getPhone": "Yes",
    "getThumbnail": "Yes",
    "overrideLogo": ""
  }, {
    "imageId": "152",
    "name": "Schools Financial Credit Union",
    "url": "https://www.schools.org/",
    "logoUrl": "152.png",
    "thumbnailUrl": "152.png",
    "phone": "800-962-0990",
    "getLogo": "Yes",
    "getHomeUrl": "Yes",
    "getPhone": "Yes",
    "getThumbnail": "Yes",
    "overrideLogo": ""
  }, {
    "imageId": "153",
    "name": "Scottrade, Inc.",
    "url": "https://www.scottrade.com",
    "logoUrl": "Scottrade_crop.png",
    "thumbnailUrl": "153.png",
    "phone": "1-800-619-7283",
    "getLogo": "no",
    "getHomeUrl": "Yes",
    "getPhone": "Yes",
    "getThumbnail": "Yes",
    "overrideLogo": true
  }, {
    "imageId": "154",
    "name": "Securian Financial Services, Inc",
    "url": "https://www.securian.com/Securian/",
    "logoUrl": "",
    "thumbnailUrl": "154.png",
    "phone": "1-855-651-3500",
    "getLogo": "no",
    "getHomeUrl": "Yes",
    "getPhone": "Yes",
    "getThumbnail": "Yes",
    "overrideLogo": ""
  }, {
    "imageId": "155",
    "name": "Selected Funds",
    "url": "http://www.selectedfunds.com",
    "logoUrl": "",
    "thumbnailUrl": "155.png",
    "phone": "800.243.1575",
    "getLogo": "no",
    "getHomeUrl": "Yes",
    "getPhone": "Yes",
    "getThumbnail": "Yes",
    "overrideLogo": ""
  }, {
    "imageId": "156",
    "name": "Sentinel Investments",
    "url": "https://www.sentinelinvestments.com/",
    "logoUrl": "",
    "thumbnailUrl": "156.png",
    "phone": "800-282-3863",
    "getLogo": "no",
    "getHomeUrl": "Yes",
    "getPhone": "Yes",
    "getThumbnail": "Yes",
    "overrideLogo": ""
  }, {
    "imageId": "157",
    "name": "ShareBuilder",
    "url": "https://www.sharebuilder.com/",
    "logoUrl": "ShareBuilder.png",
    "thumbnailUrl": "157.png",
    "phone": "800-747-2537",
    "getLogo": "no",
    "getHomeUrl": "Yes",
    "getPhone": "Yes",
    "getThumbnail": "Yes",
    "overrideLogo": true
  }, {
    "imageId": "158",
    "name": "Silicon Valley Bank",
    "url": "http://www.svb.com/",
    "logoUrl": "158.png",
    "thumbnailUrl": "158.png",
    "phone": "1.800.774.7390",
    "getLogo": "Yes",
    "getHomeUrl": "Yes",
    "getPhone": "Yes",
    "getThumbnail": "Yes",
    "overrideLogo": ""
  }, {
    "imageId": "159",
    "name": "Stanford Federal Credit Union (CA)",
    "url": "https://www.sfcu.org/",
    "logoUrl": "159.png",
    "thumbnailUrl": "159.png",
    "phone": "(888) 723-7328",
    "getLogo": "Yes",
    "getHomeUrl": "Yes",
    "getPhone": "Yes",
    "getThumbnail": "Yes",
    "overrideLogo": ""
  }, {
    "imageId": "160",
    "name": "State Street",
    "url": "http://www.statestreet.com",
    "logoUrl": "160.png",
    "thumbnailUrl": "160.png",
    "phone": "617-786-3000",
    "getLogo": "Yes",
    "getHomeUrl": "Yes",
    "getPhone": "Yes",
    "getThumbnail": "Yes",
    "overrideLogo": ""
  }, {
    "imageId": "161",
    "name": "Sterne Agee",
    "url": "http://www.sterneagee.com/",
    "logoUrl": "",
    "thumbnailUrl": "161.png",
    "phone": "800.240.1438",
    "getLogo": "no",
    "getHomeUrl": "Yes",
    "getPhone": "Yes",
    "getThumbnail": "Yes",
    "overrideLogo": ""
  }, {
    "imageId": "162",
    "name": "Stifel",
    "url": "http://www.stifel.com/",
    "logoUrl": "",
    "thumbnailUrl": "162.png",
    "phone": "(800) 679-5446",
    "getLogo": "no",
    "getHomeUrl": "Yes",
    "getPhone": "Yes",
    "getThumbnail": "Yes",
    "overrideLogo": ""
  }, {
    "imageId": "163",
    "name": "StockCross Financial Services Inc.",
    "url": "http://www.stockcross.com/",
    "logoUrl": "",
    "thumbnailUrl": "163.png",
    "phone": "800-225-6196",
    "getLogo": "no",
    "getHomeUrl": "Yes",
    "getPhone": "Yes",
    "getThumbnail": "Yes",
    "overrideLogo": ""
  }, {
    "imageId": "165",
    "name": "T. Rowe Price Brokerage",
    "url": "https://individual.troweprice.com/public/Retail?src=CorpHome",
    "logoUrl": "",
    "thumbnailUrl": "165.png",
    "phone": "1-800-225-7720",
    "getLogo": "no",
    "getHomeUrl": "Yes",
    "getPhone": "Yes",
    "getThumbnail": "Yes",
    "overrideLogo": ""
  }, {
    "imageId": "166",
    "name": "T. Rowe Price Mutual Fund Accounts",
    "url": "https://individual.troweprice.com/public/Retail?src=CorpHome",
    "logoUrl": "",
    "thumbnailUrl": "166.png",
    "phone": "1-800-537-6172",
    "getLogo": "no",
    "getHomeUrl": "Yes",
    "getPhone": "Yes",
    "getThumbnail": "Yes",
    "overrideLogo": ""
  }, {
    "imageId": "167",
    "name": "TD Ameritrade",
    "url": "https://www.tdameritrade.com/home.page",
    "logoUrl": "167.png",
    "thumbnailUrl": "167.png",
    "phone": "800-669-3900",
    "getLogo": "Yes",
    "getHomeUrl": "Yes",
    "getPhone": "Yes",
    "getThumbnail": "Yes",
    "overrideLogo": ""
  }, {
    "imageId": "168",
    "name": "TD Bank",
    "url": "http://www.tdbank.com",
    "logoUrl": "tdbank.png",
    "thumbnailUrl": "tdbank.png",
    "phone": "1-888-751-9000",
    "getLogo": "Yes",
    "getHomeUrl": "Yes",
    "getPhone": "Yes",
    "getThumbnail": "Yes",
    "overrideLogo": ""
  }, {
    "imageId": "169",
    "name": "Technology Credit Union",
    "url": "https://www.techcu.com",
    "logoUrl": "",
    "thumbnailUrl": "169.png",
    "phone": "(800) 553-0880",
    "getLogo": "no",
    "getHomeUrl": "Yes",
    "getPhone": "Yes",
    "getThumbnail": "Yes",
    "overrideLogo": ""
  }, {
    "imageId": "170",
    "name": "The Investment Center, Inc.",
    "url": "http://www.investmentctr.com/",
    "logoUrl": "",
    "thumbnailUrl": "170.png",
    "phone": "1-800-345-8041",
    "getLogo": "no",
    "getHomeUrl": "Yes",
    "getPhone": "Yes",
    "getThumbnail": "Yes",
    "overrideLogo": ""
  }, {
    "imageId": "171",
    "name": "The Private Bank",
    "url": "https://www.theprivatebank.com/",
    "logoUrl": "171.png",
    "thumbnailUrl": "171.png",
    "phone": "(877) 448-6500",
    "getLogo": "Yes",
    "getHomeUrl": "Yes",
    "getPhone": "Yes",
    "getThumbnail": "Yes",
    "overrideLogo": ""
  }, {
    "imageId": "172",
    "name": "Thrivent Mutual Funds",
    "url": "https://www.thrivent.com/investments/mutualfunds/",
    "logoUrl": "",
    "thumbnailUrl": "172.png",
    "phone": "800-847-4836",
    "getLogo": "no",
    "getHomeUrl": "Yes",
    "getPhone": "Yes",
    "getThumbnail": "Yes",
    "overrideLogo": ""
  }, {
    "imageId": "173",
    "name": "TIAA-CREF Brokerage",
    "url": "https://www.tiaa-cref.org/public/products-services/brokerage-services",
    "logoUrl": "",
    "thumbnailUrl": "173.png",
    "phone": "800-842-2252",
    "getLogo": "no",
    "getHomeUrl": "Yes",
    "getPhone": "Yes",
    "getThumbnail": "Yes",
    "overrideLogo": ""
  }, {
    "imageId": "175",
    "name": "Trading Direct, a division of York Securities,Inc.",
    "url": "http://www.tradingdirect.com/",
    "logoUrl": "",
    "thumbnailUrl": "175.png",
    "phone": "(800) 925-8566",
    "getLogo": "no",
    "getHomeUrl": "Yes",
    "getPhone": "Yes",
    "getThumbnail": "Yes",
    "overrideLogo": ""
  }, {
    "imageId": "176",
    "name": "Trust Company of America",
    "url": "http://www.trustamerica.com/",
    "logoUrl": "",
    "thumbnailUrl": "176.png",
    "phone": "800-955-0245",
    "getLogo": "no",
    "getHomeUrl": "Yes",
    "getPhone": "Yes",
    "getThumbnail": "Yes",
    "overrideLogo": ""
  }, {
    "imageId": "177",
    "name": "U.S. Bancorp Investments, Inc.",
    "url": "https://www.usbank.com/investments-wealth-management/investment-management.html",
    "logoUrl": "",
    "thumbnailUrl": "177.png",
    "phone": "800-872-2657",
    "getLogo": "no",
    "getHomeUrl": "Yes",
    "getPhone": "Yes",
    "getThumbnail": "Yes",
    "overrideLogo": ""
  }, {
    "imageId": "178",
    "name": "UBS Financial Services Inc.",
    "url": "http://www.ubs.com/us/en.html",
    "logoUrl": "UBS_crop.png",
    "thumbnailUrl": "178.png",
    "phone": "800-354-9103",
    "getLogo": "no",
    "getHomeUrl": "Yes",
    "getPhone": "Yes",
    "getThumbnail": "Yes",
    "overrideLogo": true
  }, {
    "imageId": "179",
    "name": "Union Bank of California",
    "url": "https://www.unionbank.com/",
    "logoUrl": "179.png",
    "thumbnailUrl": "179.png",
    "phone": "1-800-238-4486",
    "getLogo": "Yes",
    "getHomeUrl": "Yes",
    "getPhone": "Yes",
    "getThumbnail": "Yes",
    "overrideLogo": ""
  }, {
    "imageId": "180",
    "name": "University of Virginia Community CU",
    "url": "https://www.uvacreditunion.org/",
    "logoUrl": "180.png",
    "thumbnailUrl": "180.png",
    "phone": "434-964-2001",
    "getLogo": "Yes",
    "getHomeUrl": "Yes",
    "getPhone": "Yes",
    "getThumbnail": "Yes",
    "overrideLogo": ""
  }, {
    "imageId": "181",
    "name": "US Bank",
    "url": "https://www.usbank.com/index.html",
    "logoUrl": "181.png",
    "thumbnailUrl": "181.png",
    "phone": "800-872-2657",
    "getLogo": "Yes",
    "getHomeUrl": "Yes",
    "getPhone": "Yes",
    "getThumbnail": "Yes",
    "overrideLogo": ""
  }, {
    "imageId": "182",
    "name": "USAA (1099 Tax Statements)",
    "url": "https://www.usaa.com",
    "logoUrl": "182.png",
    "thumbnailUrl": "182.png",
    "phone": "800-531-8722",
    "getLogo": "Yes",
    "getHomeUrl": "Yes",
    "getPhone": "Yes",
    "getThumbnail": "Yes",
    "overrideLogo": ""
  }, {
    "imageId": "183",
    "name": "USAlliance FCU",
    "url": "https://www.usalliance.org/",
    "logoUrl": "183.png",
    "thumbnailUrl": "183.png",
    "phone": "800.431.2754",
    "getLogo": "Yes",
    "getHomeUrl": "Yes",
    "getPhone": "Yes",
    "getThumbnail": "Yes",
    "overrideLogo": ""
  }, {
    "imageId": "184",
    "name": "VAMCU FCU (Now American United Family of Credit Unions)",
    "url": "https://www.amucu.org/",
    "logoUrl": "184.png",
    "thumbnailUrl": "184.png",
    "phone": "801.359.9600",
    "getLogo": "Yes",
    "getHomeUrl": "Yes",
    "getPhone": "Yes",
    "getThumbnail": "Yes",
    "overrideLogo": ""
  }, {
    "imageId": "185",
    "name": "Vanguard Group - Brokerage Account",
    "url": "https://investor.vanguard.com/home/",
    "logoUrl": "vanguard_brokerage.png",
    "thumbnailUrl": "185.png",
    "phone": "800-992-8327",
    "getLogo": "no",
    "getHomeUrl": "Yes",
    "getPhone": "Yes",
    "getThumbnail": "Yes",
    "overrideLogo": true
  }, {
    "imageId": "186",
    "name": "Vanguard Group - Mutual Fund Accounts",
    "url": "https://investor.vanguard.com/home/",
    "logoUrl": "vanguard_mutual_fund_accounts.png",
    "thumbnailUrl": "186.png",
    "phone": "877-662-7447",
    "getLogo": "no",
    "getHomeUrl": "Yes",
    "getPhone": "Yes",
    "getThumbnail": "Yes",
    "overrideLogo": true
  }, {
    "imageId": "187",
    "name": "Vermont Federal Credit Union",
    "url": "https://www.vermontfederal.org/",
    "logoUrl": "187.png",
    "thumbnailUrl": "187.png",
    "phone": "(888) 252-0202",
    "getLogo": "Yes",
    "getHomeUrl": "Yes",
    "getPhone": "Yes",
    "getThumbnail": "Yes",
    "overrideLogo": ""
  }, {
    "imageId": "188",
    "name": "Waddell & Reed",
    "url": "http://www.waddell.com",
    "logoUrl": "",
    "thumbnailUrl": "188.png",
    "phone": "1-888-923-3355",
    "getLogo": "no",
    "getHomeUrl": "Yes",
    "getPhone": "Yes",
    "getThumbnail": "Yes",
    "overrideLogo": ""
  }, {
    "imageId": "189",
    "name": "Weitz Funds",
    "url": "https://weitzinvestments.com/",
    "logoUrl": "",
    "thumbnailUrl": "189.png",
    "phone": "800-304-9745",
    "getLogo": "no",
    "getHomeUrl": "Yes",
    "getPhone": "Yes",
    "getThumbnail": "Yes",
    "overrideLogo": ""
  }, {
    "imageId": "190",
    "name": "Wells Fargo",
    "url": "https://www.wellsfargo.com/",
    "logoUrl": "190.png",
    "thumbnailUrl": "190.png",
    "phone": "1-800-869-3557",
    "getLogo": "Yes",
    "getHomeUrl": "Yes",
    "getPhone": "Yes",
    "getThumbnail": "Yes",
    "overrideLogo": ""
  }, {
    "imageId": "191",
    "name": "Wells Fargo Advantage Funds",
    "url": "http://www.wellsfargoadvantagefunds.com/",
    "logoUrl": "WellsFargoAdv_crop.png",
    "thumbnailUrl": "191.png",
    "phone": "1-800-359-3379",
    "getLogo": "no",
    "getHomeUrl": "Yes",
    "getPhone": "Yes",
    "getThumbnail": "Yes",
    "overrideLogo": true
  }, {
    "imageId": "192",
    "name": "Wells Fargo Advisors",
    "url": "https://www.wellsfargoadvisors.com/",
    "logoUrl": "WellsAdvisors_crop.png",
    "thumbnailUrl": "192.png",
    "phone": "1-877-879-2495",
    "getLogo": "no",
    "getHomeUrl": "Yes",
    "getPhone": "Yes",
    "getThumbnail": "Yes",
    "overrideLogo": true
  }, {
    "imageId": "193",
    "name": "Wescom Credit Union",
    "url": "https://www.wescom.org/",
    "logoUrl": "193.png",
    "thumbnailUrl": "193.png",
    "phone": "1-888-493-7266",
    "getLogo": "Yes",
    "getHomeUrl": "Yes",
    "getPhone": "Yes",
    "getThumbnail": "Yes",
    "overrideLogo": ""
  }, {
    "imageId": "194",
    "name": "William Blair Funds",
    "url": "https://www.williamblairfunds.com/",
    "logoUrl": "",
    "thumbnailUrl": "194.png",
    "phone": "1-800-742-7272",
    "getLogo": "no",
    "getHomeUrl": "Yes",
    "getPhone": "Yes",
    "getThumbnail": "Yes",
    "overrideLogo": ""
  }, {
    "imageId": "195",
    "name": "Xplore Federal Credit Union",
    "url": "https://www.xplorefcu.com/home/home",
    "logoUrl": "195.png",
    "thumbnailUrl": "195.png",
    "phone": "800-500-4214",
    "getLogo": "Yes",
    "getHomeUrl": "Yes",
    "getPhone": "Yes",
    "getThumbnail": "Yes",
    "overrideLogo": ""
  }, {
    "imageId": "196",
    "name": "Zions Bank",
    "url": "https://www.zionsbank.com/",
    "logoUrl": "196.png",
    "thumbnailUrl": "196.png",
    "phone": "800-974-8800",
    "getLogo": "Yes",
    "getHomeUrl": "Yes",
    "getPhone": "Yes",
    "getThumbnail": "Yes",
    "overrideLogo": ""
  }, {
    "imageId": "197",
    "name": "Barclays",
    "url": "https://www.banking.barclaysus.com/index.html",
    "logoUrl": "Barclays.png",
    "thumbnailUrl": "Barclays.png",
    "phone": "1-888-710-8756",
    "getLogo": "Yes",
    "getHomeUrl": "Yes",
    "getPhone": "Yes",
    "getThumbnail": "Yes",
    "overrideLogo": ""
  }, {
    "imageId": "199",
    "name": "Southwest Securities",
    "url": "http://swst.com/Pages/default.aspx",
    "logoUrl": "SouthwestSecurities.png",
    "thumbnailUrl": "SouthwestSecurities.png",
    "phone": "1-214-859-1800",
    "getLogo": "Yes",
    "getHomeUrl": "Yes",
    "getPhone": "Yes",
    "getThumbnail": "Yes",
    "overrideLogo": ""
  }, {
    "imageId": "200",
    "name": "Primerica Shareholder Services",
    "url": "http://www.primerica.com/public/",
    "logoUrl": "Primerica.png",
    "thumbnailUrl": "Primerica.png",
    "phone": "1-800-544-5445",
    "getLogo": "Yes",
    "getHomeUrl": "Yes",
    "getPhone": "Yes",
    "getThumbnail": "Yes",
    "overrideLogo": ""
  }, {
    "imageId": "202",
    "name": "Robinhood",
    "url": "https://www.robinhood.com",
    "logoUrl": "Robinhood.png",
    "thumbnailUrl": "Robinhood.png",
    "phone": "",
    "getLogo": "Yes",
    "getHomeUrl": "Yes",
    "getPhone": "Yes",
    "getThumbnail": "Yes",
    "overrideLogo": ""
  }, {
    "imageId": "1000",
    "name": "Advancial Federal Credit Union",
    "url": "https://www.advancial.org/",
    "logoUrl": "1000.png",
    "thumbnailUrl": "1000.png",
    "phone": "1 (800) 322-2709",
    "getLogo": "Yes",
    "getHomeUrl": "Yes",
    "getPhone": "Yes",
    "getThumbnail": "Yes",
    "overrideLogo": ""
  }, {
    "imageId": "1001",
    "name": "AFTRA-SAG FCU",
    "url": "https://www.aftrasagfcu.org/",
    "logoUrl": "1001.png",
    "thumbnailUrl": "1001.png",
    "phone": "(818) 562-3400",
    "getLogo": "Yes",
    "getHomeUrl": "Yes",
    "getPhone": "Yes",
    "getThumbnail": "Yes",
    "overrideLogo": ""
  }, {
    "imageId": "1002",
    "name": "Ally Financial",
    "url": "https://www.ally.com/financial/",
    "logoUrl": "1002.png",
    "thumbnailUrl": "1002.png",
    "phone": "(877) 247-2559",
    "getLogo": "Yes",
    "getHomeUrl": "Yes",
    "getPhone": "Yes",
    "getThumbnail": "Yes",
    "overrideLogo": ""
  }, {
    "imageId": "1003",
    "name": "America First Credit Union (Previously Community One FCU)",
    "url": "https://www.americafirst.com/",
    "logoUrl": "1003.png",
    "thumbnailUrl": "1003.png",
    "phone": "(800) 999-3961",
    "getLogo": "Yes",
    "getHomeUrl": "Yes",
    "getPhone": "Yes",
    "getThumbnail": "Yes",
    "overrideLogo": ""
  }, {
    "imageId": "1004",
    "name": "American Airlines Federal Credit Union",
    "url": "https://www.aacreditunion.org/",
    "logoUrl": "1004.png",
    "thumbnailUrl": "1004.png",
    "phone": "(800) 533-0035",
    "getLogo": "Yes",
    "getHomeUrl": "Yes",
    "getPhone": "Yes",
    "getThumbnail": "Yes",
    "overrideLogo": ""
  }, {
    "imageId": "1005",
    "name": "America First Credit Union",
    "url": "https://www.americafirst.com/",
    "logoUrl": "1005.png",
    "thumbnailUrl": "1005.png",
    "phone": "1 (800) 999-3961",
    "getLogo": "Yes",
    "getHomeUrl": "Yes",
    "getPhone": "Yes",
    "getThumbnail": "Yes",
    "overrideLogo": ""
  }, {
    "imageId": "1006",
    "name": "Arrowhead Credit Union",
    "url": "https://www.arrowheadcu.org/",
    "logoUrl": "1006.png",
    "thumbnailUrl": "1006.png",
    "phone": "(800) 743-7228",
    "getLogo": "Yes",
    "getHomeUrl": "Yes",
    "getPhone": "Yes",
    "getThumbnail": "Yes",
    "overrideLogo": ""
  }, {
    "imageId": "1007",
    "name": "ASI Federal Credit Union",
    "url": "https://www.asifcu.org/",
    "logoUrl": "1007.png",
    "thumbnailUrl": "1007.png",
    "phone": "(504) 733-7274",
    "getLogo": "Yes",
    "getHomeUrl": "Yes",
    "getPhone": "Yes",
    "getThumbnail": "Yes",
    "overrideLogo": ""
  }, {
    "imageId": "1008",
    "name": "Associated Bank - Personal",
    "url": "https://www.associatedbank.com/personal/",
    "logoUrl": "1008.png",
    "thumbnailUrl": "1008.png",
    "phone": "(800) 236-8866",
    "getLogo": "Yes",
    "getHomeUrl": "Yes",
    "getPhone": "Yes",
    "getThumbnail": "Yes",
    "overrideLogo": ""
  }, {
    "imageId": "1009",
    "name": "Bank of America",
    "url": "https://www.bankofamerica.com/",
    "logoUrl": "1009.png",
    "thumbnailUrl": "1009.png",
    "phone": "1 (800) 432-1000",
    "getLogo": "Yes",
    "getHomeUrl": "Yes",
    "getPhone": "Yes",
    "getThumbnail": "Yes",
    "overrideLogo": ""
  }, {
    "imageId": "1010",
    "name": "Bank of America Mortgage",
    "url": "https://www.bankofamerica.com/home-loans/mortgage/overview.go",
    "logoUrl": "1010.png",
    "thumbnailUrl": "1010.png",
    "phone": "(866) 466-0979",
    "getLogo": "Yes",
    "getHomeUrl": "Yes",
    "getPhone": "Yes",
    "getThumbnail": "Yes",
    "overrideLogo": ""
  }, {
    "imageId": "1011",
    "name": "BB&T Corp.",
    "url": "http://www.bbt.com/",
    "logoUrl": "1011.png",
    "thumbnailUrl": "1011.png",
    "phone": "(800) 226-5228",
    "getLogo": "Yes",
    "getHomeUrl": "Yes",
    "getPhone": "Yes",
    "getThumbnail": "Yes",
    "overrideLogo": ""
  }, {
    "imageId": "1012",
    "name": "BB&T Corp. Mortgage",
    "url": "http://www.bbt.com/bbtdotcom/lending/mortgage/default.page",
    "logoUrl": "1012.png",
    "thumbnailUrl": "1012.png",
    "phone": "(800) 226-5228",
    "getLogo": "Yes",
    "getHomeUrl": "Yes",
    "getPhone": "Yes",
    "getThumbnail": "Yes",
    "overrideLogo": ""
  }, {
    "imageId": "1013",
    "name": "BlackRock",
    "url": "http://www.blackrock.com/",
    "logoUrl": "1013.png",
    "thumbnailUrl": "1013.png",
    "phone": "(877) 275-1255",
    "getLogo": "Yes",
    "getHomeUrl": "Yes",
    "getPhone": "Yes",
    "getThumbnail": "Yes",
    "overrideLogo": ""
  }, {
    "imageId": "1014",
    "name": "Boeing Employee Credit Union",
    "url": "https://www.becu.org/",
    "logoUrl": "1014.png",
    "thumbnailUrl": "1014.png",
    "phone": "1 (800) 233-2328",
    "getLogo": "Yes",
    "getHomeUrl": "Yes",
    "getPhone": "Yes",
    "getThumbnail": "Yes",
    "overrideLogo": ""
  }, {
    "imageId": "1015",
    "name": "Campus USA Credit Union (FL)",
    "url": "http://www.campuscu.com/",
    "logoUrl": "1015.png",
    "thumbnailUrl": "1015.png",
    "phone": "(800) 367-6440",
    "getLogo": "Yes",
    "getHomeUrl": "Yes",
    "getPhone": "Yes",
    "getThumbnail": "Yes",
    "overrideLogo": ""
  }, {
    "imageId": "1016",
    "name": "Capital Communications Federal Credit Union",
    "url": "https://www.capcomfcu.org/",
    "logoUrl": "1016.png",
    "thumbnailUrl": "1016.png",
    "phone": "(800) 468-5500",
    "getLogo": "Yes",
    "getHomeUrl": "Yes",
    "getPhone": "Yes",
    "getThumbnail": "Yes",
    "overrideLogo": ""
  }, {
    "imageId": "1017",
    "name": "Cenlar",
    "url": "https://www.cenlar.com/",
    "logoUrl": "1017.png",
    "thumbnailUrl": "1017.png",
    "phone": "1 (800) 223-6527",
    "getLogo": "Yes",
    "getHomeUrl": "Yes",
    "getPhone": "Yes",
    "getThumbnail": "Yes",
    "overrideLogo": ""
  }, {
    "imageId": "1018",
    "name": "Chase Bank",
    "url": "https://www.chase.com/",
    "logoUrl": "Chase.png",
    "thumbnailUrl": "1018.png",
    "phone": "1 (877) 242-7372",
    "getLogo": "Yes",
    "getHomeUrl": "Yes",
    "getPhone": "Yes",
    "getThumbnail": "Yes",
    "overrideLogo": true
  }, {
    "imageId": "1019",
    "name": "Chase Mortgage",
    "url": "https://www.chase.com/mortgage",
    "logoUrl": "Chase.png",
    "thumbnailUrl": "1019.png",
    "phone": "(800) 873-6577",
    "getLogo": "Yes",
    "getHomeUrl": "Yes",
    "getPhone": "Yes",
    "getThumbnail": "Yes",
    "overrideLogo": true
  }, {
    "imageId": "1020",
    "name": "Citibank Banking",
    "url": "https://online.citibank.com/",
    "logoUrl": "1020.png",
    "thumbnailUrl": "1020.png",
    "phone": "1 (800) 374-9700",
    "getLogo": "Yes",
    "getHomeUrl": "Yes",
    "getPhone": "Yes",
    "getThumbnail": "Yes",
    "overrideLogo": ""
  }, {
    "imageId": "1021",
    "name": "CitiBank Mortgage",
    "url": "https://www.citimortgage.com/",
    "logoUrl": "1021.png",
    "thumbnailUrl": "1021.png",
    "phone": "1 (800) 248-4638",
    "getLogo": "Yes",
    "getHomeUrl": "Yes",
    "getPhone": "Yes",
    "getThumbnail": "Yes",
    "overrideLogo": ""
  }, {
    "imageId": "1022",
    "name": "Community Resource Credit Union",
    "url": "https://www.crcu.org/",
    "logoUrl": "1022.png",
    "thumbnailUrl": "1022.png",
    "phone": "(800) 238-3228",
    "getLogo": "Yes",
    "getHomeUrl": "Yes",
    "getPhone": "Yes",
    "getThumbnail": "Yes",
    "overrideLogo": ""
  }, {
    "imageId": "1023",
    "name": "Connex Credit Union",
    "url": "https://www.connexcu.org/",
    "logoUrl": "1023.png",
    "thumbnailUrl": "1023.png",
    "phone": "1 (800) 603-5700",
    "getLogo": "Yes",
    "getHomeUrl": "Yes",
    "getPhone": "Yes",
    "getThumbnail": "Yes",
    "overrideLogo": ""
  }, {
    "imageId": "1024",
    "name": "Discover Bank",
    "url": "https://www.discover.com",
    "logoUrl": "1024.png",
    "thumbnailUrl": "1024.png",
    "phone": "1 (800) 347-2683",
    "getLogo": "Yes",
    "getHomeUrl": "Yes",
    "getPhone": "Yes",
    "getThumbnail": "Yes",
    "overrideLogo": ""
  }, {
    "imageId": "1025",
    "name": "Dort Federal Credit Union",
    "url": "https://www.dortonline.org/",
    "logoUrl": "1025.png",
    "thumbnailUrl": "1025.png",
    "phone": "(810) 767-8390",
    "getLogo": "Yes",
    "getHomeUrl": "Yes",
    "getPhone": "Yes",
    "getThumbnail": "Yes",
    "overrideLogo": ""
  }, {
    "imageId": "1026",
    "name": "Dreyfus Funds",
    "url": "https://www.dreyfus.com/",
    "logoUrl": "1026.png",
    "thumbnailUrl": "1026.png",
    "phone": "1 (800) 645-6561",
    "getLogo": "Yes",
    "getHomeUrl": "Yes",
    "getPhone": "Yes",
    "getThumbnail": "Yes",
    "overrideLogo": ""
  }, {
    "imageId": "1027",
    "name": "E*TRADE Bank",
    "url": "https://us.etrade.com/banking",
    "logoUrl": "1027.png",
    "thumbnailUrl": "1027.png",
    "phone": "1 (800) 387-2331",
    "getLogo": "Yes",
    "getHomeUrl": "Yes",
    "getPhone": "Yes",
    "getThumbnail": "Yes",
    "overrideLogo": ""
  }, {
    "imageId": "1028",
    "name": "E1 Financial Credit Union",
    "url": "https://nuvisionfederal.com/",
    "logoUrl": "1028.png",
    "thumbnailUrl": "1028.png",
    "phone": "1 (800) 444-6327",
    "getLogo": "Yes",
    "getHomeUrl": "Yes",
    "getPhone": "Yes",
    "getThumbnail": "Yes",
    "overrideLogo": ""
  }, {
    "imageId": "1029",
    "name": "Eastman Credit Union",
    "url": "https://www.ecu.org/",
    "logoUrl": "1029.png",
    "thumbnailUrl": "1029.png",
    "phone": "(800) 999-2328",
    "getLogo": "Yes",
    "getHomeUrl": "Yes",
    "getPhone": "Yes",
    "getThumbnail": "Yes",
    "overrideLogo": ""
  }, {
    "imageId": "1030",
    "name": "Eaton Vance Funds",
    "url": "http://funds.eatonvance.com/all-mutual-funds.php",
    "logoUrl": "1030.png",
    "thumbnailUrl": "1030.png",
    "phone": "1 (800) 262-1122",
    "getLogo": "Yes",
    "getHomeUrl": "Yes",
    "getPhone": "Yes",
    "getThumbnail": "Yes",
    "overrideLogo": ""
  }, {
    "imageId": "1031",
    "name": "Educational Systems FCU",
    "url": "https://www.esfcu.org",
    "logoUrl": "1031.png",
    "thumbnailUrl": "1031.png",
    "phone": "(800) 356-6660",
    "getLogo": "Yes",
    "getHomeUrl": "Yes",
    "getPhone": "Yes",
    "getThumbnail": "Yes",
    "overrideLogo": ""
  }, {
    "imageId": "1032",
    "name": "Educators Credit Union of Racine, WI",
    "url": "https://www.ecu.com/",
    "logoUrl": "1032.png",
    "thumbnailUrl": "1032.png",
    "phone": "1 (800) 236-5898",
    "getLogo": "Yes",
    "getHomeUrl": "Yes",
    "getPhone": "Yes",
    "getThumbnail": "Yes",
    "overrideLogo": ""
  }, {
    "imageId": "1033",
    "name": "Ent Credit Union",
    "url": "https://www.ent.com/",
    "logoUrl": "1033.png",
    "thumbnailUrl": "1033.png",
    "phone": "(800) 544-0624",
    "getLogo": "Yes",
    "getHomeUrl": "Yes",
    "getPhone": "Yes",
    "getThumbnail": "Yes",
    "overrideLogo": ""
  }, {
    "imageId": "1034",
    "name": "Everbank",
    "url": "https://www.everbank.com/",
    "logoUrl": "1034.png",
    "thumbnailUrl": "1034.png",
    "phone": "1 (888) 882-3837",
    "getLogo": "Yes",
    "getHomeUrl": "Yes",
    "getPhone": "Yes",
    "getThumbnail": "Yes",
    "overrideLogo": ""
  }, {
    "imageId": "1035",
    "name": "Fifth Third Bank",
    "url": "http://www.53.com/",
    "logoUrl": "1035.png",
    "thumbnailUrl": "1035.png",
    "phone": "1 (800) 972-3030",
    "getLogo": "Yes",
    "getHomeUrl": "Yes",
    "getPhone": "Yes",
    "getThumbnail": "Yes",
    "overrideLogo": ""
  }, {
    "imageId": "1036",
    "name": "First Community Credit Union",
    "url": "https://www.firstcommunity.com/",
    "logoUrl": "1036.png",
    "thumbnailUrl": "1036.png",
    "phone": "(800) 767-8880",
    "getLogo": "Yes",
    "getHomeUrl": "Yes",
    "getPhone": "Yes",
    "getThumbnail": "Yes",
    "overrideLogo": ""
  }, {
    "imageId": "1037",
    "name": "First Entertainment CU",
    "url": "https://www.firstent.org/",
    "logoUrl": "1037.png",
    "thumbnailUrl": "1037.png",
    "phone": "(888) 800-3328",
    "getLogo": "Yes",
    "getHomeUrl": "Yes",
    "getPhone": "Yes",
    "getThumbnail": "Yes",
    "overrideLogo": ""
  }, {
    "imageId": "1038",
    "name": "First Financial FCU of Maryland",
    "url": "https://firstfinancial.org/",
    "logoUrl": "1038.png",
    "thumbnailUrl": "1038.png",
    "phone": "1 (800) 903-3328",
    "getLogo": "Yes",
    "getHomeUrl": "Yes",
    "getPhone": "Yes",
    "getThumbnail": "Yes",
    "overrideLogo": ""
  }, {
    "imageId": "1039",
    "name": "First National Bank (CO) - Personal Banking",
    "url": "https://www.1stnationalbank.com/site/personal/",
    "logoUrl": "1039.png",
    "thumbnailUrl": "1039.png",
    "phone": "(970) 495-9450",
    "getLogo": "Yes",
    "getHomeUrl": "Yes",
    "getPhone": "Yes",
    "getThumbnail": "Yes",
    "overrideLogo": ""
  }, {
    "imageId": "1042",
    "name": "First National Bank of Omaha",
    "url": "https://www.firstnational.com/",
    "logoUrl": "1042.png",
    "thumbnailUrl": "1042.png",
    "phone": "(402) 342-2265",
    "getLogo": "Yes",
    "getHomeUrl": "Yes",
    "getPhone": "Yes",
    "getThumbnail": "Yes",
    "overrideLogo": ""
  }, {
    "imageId": "1043",
    "name": "First National Bank of Omaha CC",
    "url": "https://www.firstnational.com/site/personal/credit-card/",
    "logoUrl": "1043.png",
    "thumbnailUrl": "1043.png",
    "phone": "(888) 530-3626",
    "getLogo": "Yes",
    "getHomeUrl": "Yes",
    "getPhone": "Yes",
    "getThumbnail": "Yes",
    "overrideLogo": ""
  }, {
    "imageId": "1044",
    "name": "First National Bank of Omaha Loans",
    "url": "https://www.firstnational.com/site/personal/lending/personal-loans-lines-of-credit.fhtml",
    "logoUrl": "1044.png",
    "thumbnailUrl": "1044.png",
    "phone": "(402) 342-2265",
    "getLogo": "Yes",
    "getHomeUrl": "Yes",
    "getPhone": "Yes",
    "getThumbnail": "Yes",
    "overrideLogo": ""
  }, {
    "imageId": "1045",
    "name": "First National Bank Southwest",
    "url": "https://www.fnsouthwest.com/",
    "logoUrl": "1045.png",
    "thumbnailUrl": "1045.png",
    "phone": "(866) 914-3679",
    "getLogo": "Yes",
    "getHomeUrl": "Yes",
    "getPhone": "Yes",
    "getThumbnail": "Yes",
    "overrideLogo": ""
  }, {
    "imageId": "1046",
    "name": "First Tech Federal Credit Union",
    "url": "https://www.firsttechfed.com/",
    "logoUrl": "1046.png",
    "thumbnailUrl": "1046.png",
    "phone": "(855) 855-8805",
    "getLogo": "Yes",
    "getHomeUrl": "Yes",
    "getPhone": "Yes",
    "getThumbnail": "Yes",
    "overrideLogo": ""
  }, {
    "imageId": "1047",
    "name": "Flagstar Bank (MI) - Mortgage",
    "url": "https://www.flagstar.com/",
    "logoUrl": "1047.png",
    "thumbnailUrl": "1047.png",
    "phone": "(800) 642-0039",
    "getLogo": "Yes",
    "getHomeUrl": "Yes",
    "getPhone": "Yes",
    "getThumbnail": "Yes",
    "overrideLogo": ""
  }, {
    "imageId": "1048",
    "name": "FNBO Direct",
    "url": "https://www.fnbodirect.com/",
    "logoUrl": "1048.png",
    "thumbnailUrl": "1048.png",
    "phone": "(877) 370-3707",
    "getLogo": "Yes",
    "getHomeUrl": "Yes",
    "getPhone": "Yes",
    "getThumbnail": "Yes",
    "overrideLogo": ""
  }, {
    "imageId": "1049",
    "name": "Fox Communities CU",
    "url": "https://foxcu.org/",
    "logoUrl": "1049.png",
    "thumbnailUrl": "1049.png",
    "phone": "(920) 993-9000",
    "getLogo": "Yes",
    "getHomeUrl": "Yes",
    "getPhone": "Yes",
    "getThumbnail": "Yes",
    "overrideLogo": ""
  }, {
    "imageId": "1050",
    "name": "Franklin American Mortgage Company",
    "url": "https://www.franklinamerican.com/",
    "logoUrl": "1050.png",
    "thumbnailUrl": "1050.png",
    "phone": "(800) 295-1020",
    "getLogo": "Yes",
    "getHomeUrl": "Yes",
    "getPhone": "Yes",
    "getThumbnail": "Yes",
    "overrideLogo": ""
  }, {
    "imageId": "1051",
    "name": "Frost Bank",
    "url": "https://www.frostbank.com/",
    "logoUrl": "1051.png",
    "thumbnailUrl": "1051.png",
    "phone": "1 (800) 513-7678",
    "getLogo": "Yes",
    "getHomeUrl": "Yes",
    "getPhone": "Yes",
    "getThumbnail": "Yes",
    "overrideLogo": ""
  }, {
    "imageId": "1052",
    "name": "Goldman Sachs Private Wealth Management",
    "url": "http://www.goldmansachs.com/what-we-do/investment-management/private-wealth-management/",
    "logoUrl": "1052.png",
    "thumbnailUrl": "1052.png",
    "phone": "(212) 902-1000",
    "getLogo": "Yes",
    "getHomeUrl": "Yes",
    "getPhone": "Yes",
    "getThumbnail": "Yes",
    "overrideLogo": ""
  }, {
    "imageId": "1055",
    "name": "Indymac Bank - My Mortgage",
    "url": "http://www.indymacmortgageservices.com/",
    "logoUrl": "1055.png",
    "thumbnailUrl": "1055.png",
    "phone": "1 (800) 781-7399",
    "getLogo": "Yes",
    "getHomeUrl": "Yes",
    "getPhone": "Yes",
    "getThumbnail": "Yes",
    "overrideLogo": ""
  }, {
    "imageId": "1056",
    "name": "JP Morgan Chase Bank",
    "url": "http://www.jpmorganchase.com/",
    "logoUrl": "1056.png",
    "thumbnailUrl": "1056.png",
    "phone": "1 (212) 270-6000",
    "getLogo": "Yes",
    "getHomeUrl": "Yes",
    "getPhone": "Yes",
    "getThumbnail": "Yes",
    "overrideLogo": ""
  }, {
    "imageId": "1057",
    "name": "Kemba Credit Union (OH)",
    "url": "https://www.kemba.com/",
    "logoUrl": "1057.png",
    "thumbnailUrl": "1057.png",
    "phone": "(513) 762-5070",
    "getLogo": "Yes",
    "getHomeUrl": "Yes",
    "getPhone": "Yes",
    "getThumbnail": "Yes",
    "overrideLogo": ""
  }, {
    "imageId": "1058",
    "name": "Key Bank",
    "url": "https://www.key.com/",
    "logoUrl": "1058.png",
    "thumbnailUrl": "1058.png",
    "phone": "1 (800) 539-2968",
    "getLogo": "Yes",
    "getHomeUrl": "Yes",
    "getPhone": "Yes",
    "getThumbnail": "Yes",
    "overrideLogo": ""
  }, {
    "imageId": "1059",
    "name": "Kitsap Credit Union",
    "url": "https://www.kitsapcu.org/",
    "logoUrl": "1059.png",
    "thumbnailUrl": "1059.png",
    "phone": "(800) 422-5852",
    "getLogo": "Yes",
    "getHomeUrl": "Yes",
    "getPhone": "Yes",
    "getThumbnail": "Yes",
    "overrideLogo": ""
  }, {
    "imageId": "1060",
    "name": "Legg Mason Funds",
    "url": "http://www.leggmason.com/",
    "logoUrl": "1060.png",
    "thumbnailUrl": "1060.png",
    "phone": "1 (800) 822-5544",
    "getLogo": "Yes",
    "getHomeUrl": "Yes",
    "getPhone": "Yes",
    "getThumbnail": "Yes",
    "overrideLogo": ""
  }, {
    "imageId": "1061",
    "name": "Library of Congress Federal Credit Union",
    "url": "https://www.lcfcu.org/",
    "logoUrl": "1061.png",
    "thumbnailUrl": "1061.png",
    "phone": "(800) 325-2328",
    "getLogo": "Yes",
    "getHomeUrl": "Yes",
    "getPhone": "Yes",
    "getThumbnail": "Yes",
    "overrideLogo": ""
  }, {
    "imageId": "1062",
    "name": "LoanCare Servicing Center",
    "url": "http://www.loancareservicing.com/",
    "logoUrl": "1062.png",
    "thumbnailUrl": "1062.png",
    "phone": "1 (800) 274-9900",
    "getLogo": "Yes",
    "getHomeUrl": "Yes",
    "getPhone": "Yes",
    "getThumbnail": "Yes",
    "overrideLogo": ""
  }, {
    "imageId": "1064",
    "name": "Matanuska Valley Federal Credit Union",
    "url": "http://www.mvfcu.coop/",
    "logoUrl": "1064.png",
    "thumbnailUrl": "1064.png",
    "phone": "(907) 745-4891",
    "getLogo": "Yes",
    "getHomeUrl": "Yes",
    "getPhone": "Yes",
    "getThumbnail": "Yes",
    "overrideLogo": ""
  }, {
    "imageId": "1066",
    "name": "Members Cooperative Credit Union",
    "url": "https://www.membersccu.org/",
    "logoUrl": "1066.png",
    "thumbnailUrl": "1066.png",
    "phone": "1 (800) 296-8871",
    "getLogo": "Yes",
    "getHomeUrl": "Yes",
    "getPhone": "Yes",
    "getThumbnail": "Yes",
    "overrideLogo": ""
  }, {
    "imageId": "1067",
    "name": "MIDFLORIDA CU",
    "url": "https://www.midflorida.com/",
    "logoUrl": "1067.png",
    "thumbnailUrl": "1067.png",
    "phone": "(866) 913-3733",
    "getLogo": "Yes",
    "getHomeUrl": "Yes",
    "getPhone": "Yes",
    "getThumbnail": "Yes",
    "overrideLogo": ""
  }, {
    "imageId": "1068",
    "name": "Mortgage Questions",
    "url": "https://www.mortgagequestions.com/",
    "logoUrl": "1068.png",
    "thumbnailUrl": "1068.png",
    "phone": "1 (877) 729-3273",
    "getLogo": "Yes",
    "getHomeUrl": "Yes",
    "getPhone": "Yes",
    "getThumbnail": "Yes",
    "overrideLogo": ""
  }, {
    "imageId": "1069",
    "name": "Nationstar Mortgage",
    "url": "https://www.nationstarmtg.com/",
    "logoUrl": "1069.png",
    "thumbnailUrl": "1069.png",
    "phone": "1 (888) 480-2432",
    "getLogo": "Yes",
    "getHomeUrl": "Yes",
    "getPhone": "Yes",
    "getThumbnail": "Yes",
    "overrideLogo": ""
  }, {
    "imageId": "1070",
    "name": "Navy Federal Credit Union",
    "url": "https://www.navyfederal.org/",
    "logoUrl": "1070.png",
    "thumbnailUrl": "1070.png",
    "phone": "1 (888) 842-6328",
    "getLogo": "Yes",
    "getHomeUrl": "Yes",
    "getPhone": "Yes",
    "getThumbnail": "Yes",
    "overrideLogo": ""
  }, {
    "imageId": "1071",
    "name": "Amtrust Bank (Now New York Community Bank)",
    "url": "https://www.mynycb.com/",
    "logoUrl": "1071.png",
    "thumbnailUrl": "1071.png",
    "phone": "1 (877) 786-6560",
    "getLogo": "Yes",
    "getHomeUrl": "Yes",
    "getPhone": "Yes",
    "getThumbnail": "Yes",
    "overrideLogo": ""
  }, {
    "imageId": "1072",
    "name": "Northeast Credit Union",
    "url": "https://www.necu.org/",
    "logoUrl": "1072.png",
    "thumbnailUrl": "1072.png",
    "phone": "1 (888) 436-1847",
    "getLogo": "Yes",
    "getHomeUrl": "Yes",
    "getPhone": "Yes",
    "getThumbnail": "Yes",
    "overrideLogo": ""
  }, {
    "imageId": "1073",
    "name": "nuVision Federal Credit Union",
    "url": "https://nuvisionfederal.com/",
    "logoUrl": "1073.png",
    "thumbnailUrl": "1073.png",
    "phone": "(800) 444-6327",
    "getLogo": "Yes",
    "getHomeUrl": "Yes",
    "getPhone": "Yes",
    "getThumbnail": "Yes",
    "overrideLogo": ""
  }, {
    "imageId": "1074",
    "name": "NW Preferred Federal Credit Union",
    "url": "https://mycreditunion.com/",
    "logoUrl": "1074.png",
    "thumbnailUrl": "1074.png",
    "phone": "(866) 236-6968",
    "getLogo": "Yes",
    "getHomeUrl": "Yes",
    "getPhone": "Yes",
    "getThumbnail": "Yes",
    "overrideLogo": ""
  }, {
    "imageId": "1075",
    "name": "Ocwen Federal Bank",
    "url": "http://www.ocwen.com/",
    "logoUrl": "1075.png",
    "thumbnailUrl": "1075.png",
    "phone": "(800) 746-2936",
    "getLogo": "Yes",
    "getHomeUrl": "Yes",
    "getPhone": "Yes",
    "getThumbnail": "Yes",
    "overrideLogo": ""
  }, {
    "imageId": "1076",
    "name": "One Nevada Credit Union",
    "url": "https://www.onenevada.org/",
    "logoUrl": "1076.png",
    "thumbnailUrl": "1076.png",
    "phone": "(800) 388-3000",
    "getLogo": "Yes",
    "getHomeUrl": "Yes",
    "getPhone": "Yes",
    "getThumbnail": "Yes",
    "overrideLogo": ""
  }, {
    "imageId": "1077",
    "name": "Pacific Service Credit Union",
    "url": "https://www.pacificservice.org/",
    "logoUrl": "1077.png",
    "thumbnailUrl": "1077.png",
    "phone": "(888) 858-6878",
    "getLogo": "Yes",
    "getHomeUrl": "Yes",
    "getPhone": "Yes",
    "getThumbnail": "Yes",
    "overrideLogo": ""
  }, {
    "imageId": "1078",
    "name": "PennyMac Home Loan Solutions",
    "url": "https://www.pennymacusa.com/",
    "logoUrl": "1078.png",
    "thumbnailUrl": "1078.png",
    "phone": "(866) 549-3583",
    "getLogo": "Yes",
    "getHomeUrl": "Yes",
    "getPhone": "Yes",
    "getThumbnail": "Yes",
    "overrideLogo": ""
  }, {
    "imageId": "1079",
    "name": "Pentagon Federal Credit Union",
    "url": "https://www.penfed.org/",
    "logoUrl": "1079.png",
    "thumbnailUrl": "1079.png",
    "phone": "(800) 247-5626",
    "getLogo": "Yes",
    "getHomeUrl": "Yes",
    "getPhone": "Yes",
    "getThumbnail": "Yes",
    "overrideLogo": ""
  }, {
    "imageId": "1080",
    "name": "PHH Mortgage",
    "url": "https://www.phhmortgage.com/13571",
    "logoUrl": "1080.png",
    "thumbnailUrl": "1080.png",
    "phone": "(800) 210-8849",
    "getLogo": "Yes",
    "getHomeUrl": "Yes",
    "getPhone": "Yes",
    "getThumbnail": "Yes",
    "overrideLogo": ""
  }, {
    "imageId": "1081",
    "name": "Power Financial Credit Union",
    "url": "https://www.powerfi.org/",
    "logoUrl": "1081.png",
    "thumbnailUrl": "1081.png",
    "phone": "(305) 258-1000",
    "getLogo": "Yes",
    "getHomeUrl": "Yes",
    "getPhone": "Yes",
    "getThumbnail": "Yes",
    "overrideLogo": ""
  }, {
    "imageId": "1082",
    "name": "Premier Members Federal Credit Union",
    "url": "https://www.pmfcu.org/",
    "logoUrl": "1082.png",
    "thumbnailUrl": "1082.png",
    "phone": "1 (800) 468-0634",
    "getLogo": "Yes",
    "getHomeUrl": "Yes",
    "getPhone": "Yes",
    "getThumbnail": "Yes",
    "overrideLogo": ""
  }, {
    "imageId": "1083",
    "name": "Presidential Bank",
    "url": "https://www.presidential.com/",
    "logoUrl": "1083.png",
    "thumbnailUrl": "1083.png",
    "phone": "(800) 383-6266",
    "getLogo": "Yes",
    "getHomeUrl": "Yes",
    "getPhone": "Yes",
    "getThumbnail": "Yes",
    "overrideLogo": ""
  }, {
    "imageId": "1084",
    "name": "Principal Financial - Retirement",
    "url": "http://www.principal.com/retirement/ind/",
    "logoUrl": "1084.png",
    "thumbnailUrl": "1084.png",
    "phone": "1 (800) 986-3343",
    "getLogo": "Yes",
    "getHomeUrl": "Yes",
    "getPhone": "Yes",
    "getThumbnail": "Yes",
    "overrideLogo": ""
  }, {
    "imageId": "1085",
    "name": "Provident Funding",
    "url": "https://www.provident.com/",
    "logoUrl": "1085.png",
    "thumbnailUrl": "1085.png",
    "phone": "1 (888) 547-4050",
    "getLogo": "Yes",
    "getHomeUrl": "Yes",
    "getPhone": "Yes",
    "getThumbnail": "Yes",
    "overrideLogo": ""
  }, {
    "imageId": "1086",
    "name": "Putnam Investments",
    "url": "https://www.putnam.com/",
    "logoUrl": "1086.png",
    "thumbnailUrl": "1086.png",
    "phone": "1 (800) 225-1581",
    "getLogo": "Yes",
    "getHomeUrl": "Yes",
    "getPhone": "Yes",
    "getThumbnail": "Yes",
    "overrideLogo": ""
  }, {
    "imageId": "1087",
    "name": "SAFE Credit Union",
    "url": "https://www.safecu.org/",
    "logoUrl": "1087.png",
    "thumbnailUrl": "1087.png",
    "phone": "(916) 979-7233",
    "getLogo": "Yes",
    "getHomeUrl": "Yes",
    "getPhone": "Yes",
    "getThumbnail": "Yes",
    "overrideLogo": ""
  }, {
    "imageId": "1088",
    "name": "San Diego County CU",
    "url": "https://www.sdccu.com/",
    "logoUrl": "1088.png",
    "thumbnailUrl": "1088.png",
    "phone": "(877) 732-2848",
    "getLogo": "Yes",
    "getHomeUrl": "Yes",
    "getPhone": "Yes",
    "getThumbnail": "Yes",
    "overrideLogo": ""
  }, {
    "imageId": "1089",
    "name": "SCE Federal Credit Union",
    "url": "https://www.scefcu.org/",
    "logoUrl": "1089.png",
    "thumbnailUrl": "1089.png",
    "phone": "(800) 866-6474",
    "getLogo": "Yes",
    "getHomeUrl": "Yes",
    "getPhone": "Yes",
    "getThumbnail": "Yes",
    "overrideLogo": ""
  }, {
    "imageId": "1090",
    "name": "Schools Financial Credit Union",
    "url": "https://www.schools.org/",
    "logoUrl": "1090.png",
    "thumbnailUrl": "1090.png",
    "phone": "(800) 962-0990",
    "getLogo": "Yes",
    "getHomeUrl": "Yes",
    "getPhone": "Yes",
    "getThumbnail": "Yes",
    "overrideLogo": ""
  }, {
    "imageId": "1091",
    "name": "Select Portfolio Servicing (My Home Loan)",
    "url": "https://www.spservicing.com/",
    "logoUrl": "1091.png",
    "thumbnailUrl": "1091.png",
    "phone": "1 (800) 258-8602",
    "getLogo": "Yes",
    "getHomeUrl": "Yes",
    "getPhone": "Yes",
    "getThumbnail": "Yes",
    "overrideLogo": ""
  }, {
    "imageId": "1092",
    "name": "Sharon Credit Union",
    "url": "https://www.sharoncu.com/",
    "logoUrl": "1092.png",
    "thumbnailUrl": "1092.png",
    "phone": "1 (877) 661-3300",
    "getLogo": "Yes",
    "getHomeUrl": "Yes",
    "getPhone": "Yes",
    "getThumbnail": "Yes",
    "overrideLogo": ""
  }, {
    "imageId": "1094",
    "name": "State Department Federal Credit Union",
    "url": "https://www.sdfcu.org/",
    "logoUrl": "1094.png",
    "thumbnailUrl": "1094.png",
    "phone": "1 (800) 296-8882",
    "getLogo": "Yes",
    "getHomeUrl": "Yes",
    "getPhone": "Yes",
    "getThumbnail": "Yes",
    "overrideLogo": ""
  }, {
    "imageId": "1096",
    "name": "State Employees CU of Maryland",
    "url": "http://www.secumd.org/",
    "logoUrl": "1096.png",
    "thumbnailUrl": "1096.png",
    "phone": "(800) 879-7328",
    "getLogo": "Yes",
    "getHomeUrl": "Yes",
    "getPhone": "Yes",
    "getThumbnail": "Yes",
    "overrideLogo": ""
  }, {
    "imageId": "1097",
    "name": "SunTrust Bank (Personal Finance)",
    "url": "https://www.suntrust.com/PersonalBanking",
    "logoUrl": "1097.png",
    "thumbnailUrl": "1097.png",
    "phone": "(800) 786-8787",
    "getLogo": "Yes",
    "getHomeUrl": "Yes",
    "getPhone": "Yes",
    "getThumbnail": "Yes",
    "overrideLogo": ""
  }, {
    "imageId": "1098",
    "name": "SunTrust Mortgage",
    "url": "https://www.suntrust.com/mortgage",
    "logoUrl": "1098.png",
    "thumbnailUrl": "1098.png",
    "phone": "(800) 634-7928",
    "getLogo": "Yes",
    "getHomeUrl": "Yes",
    "getPhone": "Yes",
    "getThumbnail": "Yes",
    "overrideLogo": ""
  }, {
    "imageId": "1100",
    "name": "Tropical Financial Credit Union",
    "url": "https://www.tropicalfcu.com/",
    "logoUrl": "1100.png",
    "thumbnailUrl": "1100.png",
    "phone": "1 (800) 835-2692",
    "getLogo": "Yes",
    "getHomeUrl": "Yes",
    "getPhone": "Yes",
    "getThumbnail": "Yes",
    "overrideLogo": ""
  }, {
    "imageId": "1102",
    "name": "US Bank",
    "url": "https://www.usbank.com/",
    "logoUrl": "1102.png",
    "thumbnailUrl": "1102.png",
    "phone": "(800) 872-2657",
    "getLogo": "Yes",
    "getHomeUrl": "Yes",
    "getPhone": "Yes",
    "getThumbnail": "Yes",
    "overrideLogo": ""
  }, {
    "imageId": "1103",
    "name": "USAlliance FCU",
    "url": "https://www.usalliance.org/",
    "logoUrl": "1103.png",
    "thumbnailUrl": "1103.png",
    "phone": "(800) 431-2754",
    "getLogo": "Yes",
    "getHomeUrl": "Yes",
    "getPhone": "Yes",
    "getThumbnail": "Yes",
    "overrideLogo": ""
  }, {
    "imageId": "1104",
    "name": "Vantage West Credit Union",
    "url": "http://www.vantagewest.org/",
    "logoUrl": "1104.png",
    "thumbnailUrl": "1104.png",
    "phone": "(800) 888-7882",
    "getLogo": "Yes",
    "getHomeUrl": "Yes",
    "getPhone": "Yes",
    "getThumbnail": "Yes",
    "overrideLogo": ""
  }, {
    "imageId": "1105",
    "name": "Vermont Federal Credit Union",
    "url": "https://www.vermontfederal.org/",
    "logoUrl": "1105.png",
    "thumbnailUrl": "1105.png",
    "phone": "(888) 252-0202",
    "getLogo": "Yes",
    "getHomeUrl": "Yes",
    "getPhone": "Yes",
    "getThumbnail": "Yes",
    "overrideLogo": ""
  }, {
    "imageId": "1106",
    "name": "Visions FCU",
    "url": "https://www.visionsfcu.org/",
    "logoUrl": "1106.png",
    "thumbnailUrl": "1106.png",
    "phone": "(800) 242-2120",
    "getLogo": "Yes",
    "getHomeUrl": "Yes",
    "getPhone": "Yes",
    "getThumbnail": "Yes",
    "overrideLogo": ""
  }, {
    "imageId": "1107",
    "name": "Wells Fargo",
    "url": "https://www.wellsfargo.com/",
    "logoUrl": "1107.png",
    "thumbnailUrl": "1107.png",
    "phone": "1 (800) 869-3557",
    "getLogo": "Yes",
    "getHomeUrl": "Yes",
    "getPhone": "Yes",
    "getThumbnail": "Yes",
    "overrideLogo": ""
  }, {
    "imageId": "1108",
    "name": "Wells Fargo Private Bank",
    "url": "https://www.wellsfargo.com/the-private-bank/",
    "logoUrl": "1108.png",
    "thumbnailUrl": "1108.png",
    "phone": "1 (888) 715-0380",
    "getLogo": "Yes",
    "getHomeUrl": "Yes",
    "getPhone": "Yes",
    "getThumbnail": "Yes",
    "overrideLogo": ""
  }, {
    "imageId": "1109",
    "name": "Wescom Credit Union",
    "url": "https://www.wescom.org",
    "logoUrl": "1109.png",
    "thumbnailUrl": "1109.png",
    "phone": "1 (888) 493-7266",
    "getLogo": "Yes",
    "getHomeUrl": "Yes",
    "getPhone": "Yes",
    "getThumbnail": "Yes",
    "overrideLogo": ""
  }, {
    "imageId": "1110",
    "name": "Wright Patman Congressional FCU",
    "url": "https://www.congressionalfcu.org/",
    "logoUrl": "1110.png",
    "thumbnailUrl": "1110.png",
    "phone": "(800) 491-2328",
    "getLogo": "Yes",
    "getHomeUrl": "Yes",
    "getPhone": "Yes",
    "getThumbnail": "Yes",
    "overrideLogo": ""
  }, {
    "imageId": "1111",
    "name": "Xplore Federal Credit Union",
    "url": "https://www.xplorefcu.com/",
    "logoUrl": "1111.png",
    "thumbnailUrl": "1111.png",
    "phone": "(504) 728-4853",
    "getLogo": "Yes",
    "getHomeUrl": "Yes",
    "getPhone": "Yes",
    "getThumbnail": "Yes",
    "overrideLogo": ""
  }, {
    "imageId": "1112",
    "name": "Quicken Loans",
    "url": "http://www.quickenloans.com/",
    "logoUrl": "1112.png",
    "thumbnailUrl": "1112.png",
    "phone": "(800) 251-9080",
    "getLogo": "Yes",
    "getHomeUrl": "Yes",
    "getPhone": "Yes",
    "getThumbnail": "Yes",
    "overrideLogo": ""
  }, {
    "imageId": "1113",
    "name": "USAA Bank",
    "url": "https://www.usaa.com/",
    "logoUrl": "usaa_bank.png",
    "thumbnailUrl": "usaa_bank.png",
    "phone": "(800) 531-USAA",
    "getLogo": "Yes",
    "getHomeUrl": "Yes",
    "getPhone": "Yes",
    "getThumbnail": "Yes",
    "overrideLogo": ""
  } ]
}
