{
  "1234567890": {
    "cafPostAddress": {
      "addressLine1":"hello world"
    }
  },
  "4679e059-920b-486d-abf4-ee5772e82f5e": {
    "cafPostAddress": {
      "addressLine1": "Lloyds Banking Group",
      "addressLine2": "PO BOX 1000, BX2 1LB"
    }
  },
  "709328f7-9499-4e18-9cde-03f4ba2f73b9": {
    "cafPostAddress": {
      "addressLine1": "Lloyds Banking Group",
      "addressLine2": "PO BOX 1000, BX2 1LB"
    }
  },
  "867c4a38-0d75-46ff-a4c2-f44cb63be2c9": {
    "oauthConsent": {
      "FI_CONSENT_LEVEL": "OFFERING",
      "FI_ALL_ACCOUNTS_CONSENT": false
    }
  },
  "3f33a0b8-d4da-445a-baa3-678dfb0d8763": {
    "oauthConsent": {
      "FI_CONSENT_LEVEL": "INTUIT",
      "FI_ALL_ACCOUNTS_CONSENT": true
    }
  },
  "264842f9-51f3-41f9-a30f-beb620371aec": {
    "oauthConsent": {
      "FI_CONSENT_LEVEL": "INTUIT",
      "FI_ALL_ACCOUNTS_CONSENT": true
    }
  },
  "7ba9e02e-7e3c-4546-9f18-fabfaa90e619":{
    "oauthConsent": {
      "FI_CONSENT_LEVEL": "OFFERING",
      "FI_ALL_ACCOUNTS_CONSENT": false
    }
  }
}
