<assembly>
    <id>resources</id>
    <formats>
        <format>zip</format>
    </formats>

    <includeBaseDirectory>false</includeBaseDirectory>
    <baseDirectory>${pom.artifactId}</baseDirectory>

    <fileSets>
        <fileSet>
            <outputDirectory/>
            <directory>${basedir}</directory>
            <excludes>
                <exclude>pom.xml</exclude>
                <exclude>.gitignore</exclude>
                <exclude>rc-settings.xml</exclude>
                <exclude>npm-shrinkwrap.json</exclude>
                <exclude>assembly.xml</exclude>
                <exclude>target/**</exclude>
                <exclude>**/*.coffee</exclude>
                <exclude>.project</exclude>
            </excludes>
        </fileSet>
    </fileSets>
</assembly>
