{
  "apiGatewayConfig": {
    "assetid": "7278960489929281245",
    "offeringid": "Intuit.tax.browserwidgets.browserwidgets"
  },
  "host": "vault-dev.api.intuit.com",
  "hostInternal": "vault-dev.api.intuit.net",
  "services": {
    "access": {
      "root": "financialaccess-e2e.platform.intuit.net/v1",
      "health":"financialaccess-e2e.platform.intuit.net/health/full"
    }
  },
  "server": {
    "restrictHostname": false
  },
  "required_headers": [],
  "restartTimeout": 1000,
  "enableNewrelic" : false
}