{
  "host": "vault.api.intuit.com",
  "hostInternal": "vault.api.intuit.net",
  "proxyServer": "http://lvdcproxy01.ie.intuit.net:80",
  "services": {
    "axs": {
      "root":"access.platform.intuit.net/v2",
      "path": "/tickets",
      "health": "access.platform.intuit.net/health/full"
    },
    "login": {
      "root":"accounts.platform.intuit.net/v1",
      "path": "/iamtickets/sign_in"
    },
    "providers": {
      "root": "financialprovider.platform.intuit.net/v1",
      "health" : "financialprovider.platform.intuit.net/health/full"
    },
    "credentials": {
      "root": "financialcredsgateway.platform.intuit.net/v1",
      "root_v2": "financialcredsgateway.platform.intuit.net/v2",
      "health": "financialcredsgateway.platform.intuit.net/health/full"
    },
    "profile": {
      "root": "financialprofile.platform.intuit.net/v1",
      "health":"financialprofile.platform.intuit.net/health/full"
    },
    "ab": {
      "root": "abtesting.intuit.com/api/v1",
      "experiment": "credentials"
    },
    "access": {
      "root": "financialaccess.platform.intuit.net/v1",
      "health": "financialaccess.platform.intuit.net/health/full"
    },
    "interaction": {
      "root": "financialdatainteraction.platform.intuit.net/default/v1",
      "health": "financialdatainteraction.platform.intuit.net/health/full"
    },
    "documents": {
      "root": "financialdocument.platform.intuit.net/v2",
      "health": "financialdocument.platform.intuit.net/health/full"
    },
    "sangria": {
      "root": "sangria-prod.a.intuit.com/Sangria/v0"
    },
    "sts":{
      "root": "api-fps.sts.a.intuit.com/action/v1/",
      "path": "access",
      "AuthMethod": "SSP",
      "PartnerAccessId" : "fds_pss",
      "Secret": "iPdM4dwQ"
    },
    "partnerAuth": {
      "root" : "partnerauth.platform.intuit.net/v1",
      "health" : "partnerauth.platform.intuit.net/health/full"
    },
    "fpo": {
      "root": "financialprofileorchestration.api.intuit.net/v1",
      "root_v2": "financialprofileorchestration-e2e.api.intuit.com/v2"
    },
    "fdms": {
      "root" : "financialdatamigration.api.intuit.net/v2"
  },  
  "newrelic" : {
    "proxy" : "http://lvdcproxy01.ie.intuit.net:80"
  },
  "ius" : {
    "authid" : "qbn.authid",
    "ticket" : "qbn.ticket",
    "parentid": "qbn.parentid"
  }
}
