{
  "host": "vault-prf.api.intuit.com",
  "hostInternal": "vault-prf.api.intuit.net",
  "proxyServer" : "http://fdatafeed-obproxy-prd-qydc.platform.intuit.net:80",
  "services": {
    "axs": {
    "root":"access-prf.platform.intuit.net/v2",
    "health": "access-prf.platform.intuit.net/health/full"
  },
    "login": {
      "root":"accounts-prf.platform.intuit.net/v1"
    },
    "providers": {
      "root": "financialprovider-prf.platform.intuit.net/v1",
      "health" : "financialprovider-prf.platform.intuit.net/health/full"
    },
    "credentials": {
      "root": "financialcredsgateway-prf.platform.intuit.net/v1",
      "root_v2": "financialcredsgateway-prf.platform.intuit.net/v2",
      "health":"financialcredsgateway-prf.platform.intuit.net/health/full"
    },
    "profile": {
      "root": "financialprofile-prf.platform.intuit.net/v1",
      "health":"financialprofile-prf.platform.intuit.net/health/full"
    },
    "ab": {
      "root": "abtesting.intuit.com/api/v1"
    },
    "access": {
      "root": "financialaccess-prf.platform.intuit.net/v1",
      "health":"financialaccess-prf.platform.intuit.net/health/full"
    },
    "interaction": {
      "root": "financialdatainteraction-prf.platform.intuit.net/default/v1",
      "health": "financialdatainteraction-prf.platform.intuit.net/health/full"
    },
    "documents": {
      "root": "financialdocument-prf.platform.intuit.net/v2",
      "health":"financialdocument-prf.platform.intuit.net/health/full"
    },
    "sts":{
      "root": "api-perf-fps.preprodsts.a.intuit.com/action/v1/",
      "collection": "r_ce_fps_us_fi_na_provider_1"
    },
    "cache": {
      "root": "cache-prf.api.intuit.net/v1"
    },
    "partnerAuth": {
      "root" : "partnerauth-prf.platform.intuit.net/v1",
      "health" : "partnerauth-prf.platform.intuit.net/health/full"
    },
    "fpo": {
      "root": "financialprofileorchestration-prf.api.intuit.com/v1",
      "root_v2": "financialprofileorchestration-e2e.api.intuit.com/v2"
    },
    "fdms": {
      "root" : "financialdatamigration-prf.api.intuit.net/v2"
    },    
    "crm": {
      "root": "crmservices-prf.api.intuit.net",
      "path": "/v2/cases"
    },
    "ius": {
      "root":"accounts-prf.platform.intuit.net/v1",
      "path": "/users/me"
    },
    "rss":{
      "root":"riskscreening-prf.platform.intuit.net",
      "namespace": "cto.fdp.createcredential",
      "key": "fiProviderId",
      "path": {
        "riskAssesment": "/v1/riskassessment",
        "assertion": "/v1/assertion"
      }
    }
  },
  "newrelic" : {
    "proxy" : "http://qy1prdproxy01.pprod.ie.intuit.net:80"
  },
  "ius" : {
    "authid" : "qbn.dtc.authid",
    "ticket" : "qbn.dtc.ticket",
    "parentid": "qbn.dtc.parentid"
  }
}
