{
  "host": "vault-prf.api.intuit.com",
  "hostInternal": "vault-prf.api.intuit.net",
  "proxyServer" : "http://fdatafeed-obproxy-prd-lvdc.platform.intuit.net:80",
  "services": {
    "protocal":"http",
    "axs": {
      "root":"10.137.88.241:8001",
      "path": "/tickets"
    },
    "login": {
      "root":"10.137.88.241:8001",
      "path": "/iamtickets/sign_in"
    },
    "providers": {
      "root": "10.137.88.241:8001"
    },
    "credentials": {
      "root": "10.137.88.241:8001",
      "root_v2": "10.137.88.241:8001"
    },
    "profile": {
      "root": "10.137.88.241:8001"
    },
    "ab": {
      "root": "10.137.88.241:8001",
      "experiment": "credentials_QA"
    },
    "access": {
      "root": "10.137.88.241:8001"
    },
    "interaction": {
      "root": "10.137.88.241:8001"
    },
    "documents": {
      "root": "10.137.88.241:8001"
    },
    "sts":{
      "root" : "10.137.88.241:8001"
    },
    "partnerAuth": {
      "root" : "10.137.88.241:8001"
    },
    "cache": {
      "root": "10.137.88.241:8001"
    }
  },
  "newrelic" : {
    "proxy" : "http://lvdcproxy01.pprod.ie.intuit.net:80"
  },
  "ius" : {
    "authid" : "qbn.dtc.authid",
    "ticket" : "qbn.dtc.ticket",
    "parentid": "qbn.dtc.parentid"
  }
}
