{
  "host": "vault-qal.api.intuit.com",
  "hostInternal": "vault-qal.api.intuit.net",
  "proxyServer" : "http://lvdcproxy01.pprod.ie.intuit.net:80",
  "newrelic" : {
    "proxy" : "http://lvdcproxy01.pprod.ie.intuit.net:80"
  },
  "services": {
    "axs": {
      "root":"iamticket-qal.platform.intuit.net/v2",
      "path": "/tickets"
    },
    "login": {
      "root":"iamticket-qal.platform.intuit.net/v1",
      "path": "/iamtickets/sign_in"
    },    
    "fpo": {
      "root": "financialprofileorchestration-qal.api.intuit.net/v1",
      "root_v2": "financialprofileorchestration-qal.api.intuit.net/v2"
    }    
  }
}
