{
  "apiGatewayConfig": {
    "appSecret": "preprdBv92l6r1SprTQ37lrAbu1kT1Try3q06KBE"
  },
  "newrelic": {
    "licenseKey": "replace me"
  },
  "fdxMonitor" : {
    "ius_username" : "fdx.monitor+1_iamtestpass@gmail.com",
    "ius_password" : "Intuit01!",

    "appId" : "Intuit.platform.fdxinfrastructure.fdxmonitor",
    "appSecret" :"preprdDRTFnLjmCf8KB3fc28mzonz263eKI65fSr",

    "browserSimulatorAssetAlias":"Intuit.platform.fdxinfrastructure.fdxmonitorbrowsersimulator",
    "browserSimulatorApiKey" : "preprdakyresu9Gl6J6kQ7tX49txh3GCRtbNFH7H"
  }
}
